time,linkId,txBytes,rxBytes,drops,queueDepth,utilization,status
2.000000,0,0,0,0,0,0,0
2.000000,1,0,0,0,0,0,0
2.000000,2,0,0,0,0,0,0
2.000000,3,0,0,0,0,0,0
2.000000,4,0,0,0,0,0,0
2.000000,5,0,0,0,0,0,0
2.000000,6,0,0,0,0,0,0
2.000000,7,0,0,0,0,0,0
2.000000,8,0,0,0,0,0,0
2.000000,9,0,0,26,0,0,3
2.000000,10,0,0,0,0,0,0
2.000000,11,0,0,0,0,0,0
2.000000,12,0,0,0,0,0,0
2.000000,13,0,0,14,0,0,3
2.000000,14,0,0,0,0,0,0
2.000000,15,0,0,0,0,0,0
2.000000,16,0,0,0,0,0,0
2.000000,17,0,0,0,0,0,0
2.000000,18,0,0,0,0,0,0
2.000000,19,0,0,0,0,0,0
2.000000,20,0,0,0,0,0,0
2.000000,21,0,0,0,0,0,0
2.000000,22,0,0,0,0,0,0
2.000000,23,0,0,0,0,0,0
2.000000,24,0,0,0,0,0,0
2.000000,25,0,0,0,0,0,0
2.000000,26,0,0,0,0,0,0
2.000000,27,0,0,0,0,0,0
2.000000,28,0,0,0,0,0,0
2.000000,29,0,0,0,0,0,0
2.000000,30,0,0,0,0,0,0
2.000000,31,0,0,0,0,0,0
2.000000,32,0,0,0,0,0,0
2.000000,33,0,0,0,0,0,0
2.000000,34,0,0,0,0,0,0
2.000000,35,0,0,0,0,0,0
2.000000,36,0,0,0,0,0,0
2.000000,37,0,0,0,0,0,0
2.000000,38,0,0,0,0,0,0
2.000000,39,0,0,0,0,0,0
2.000000,40,0,0,0,0,0,0
2.000000,41,0,0,0,0,0,0
2.000000,42,0,0,0,0,0,0
2.000000,43,0,0,0,0,0,0
2.000000,44,0,0,0,0,0,0
2.000000,45,0,0,0,0,0,0
2.000000,46,0,0,0,0,0,0
2.000000,47,0,0,0,0,0,0
2.000000,48,0,0,0,0,0,0
2.000000,49,0,0,0,0,0,0
2.000000,50,0,0,0,0,0,0
2.000000,51,0,0,0,0,0,0
2.000000,52,0,0,0,0,0,0
2.000000,53,0,0,0,0,0,0
2.000000,54,0,0,0,0,0,0
2.000000,55,0,0,0,0,0,0
2.000000,56,0,0,0,0,0,0
2.000000,57,0,0,0,0,0,0
2.000000,58,0,0,0,0,0,0
2.000000,59,0,0,0,0,0,0
2.000000,60,0,0,0,0,0,0
2.000000,61,0,0,0,0,0,0
2.000000,62,0,0,0,0,0,0
2.000000,63,0,0,0,0,0,0
2.000000,64,0,0,0,0,0,0
2.000000,65,0,0,0,0,0,0
2.000000,66,0,0,0,0,0,0
2.000000,67,0,0,0,0,0,0
2.000000,68,0,0,0,0,0,0
2.000000,69,0,0,0,0,0,0
2.000000,70,0,0,0,0,0,0
2.000000,71,0,0,0,0,0,0
2.000000,72,0,0,0,0,0,0
2.000000,73,0,0,0,0,0,0
2.000000,74,0,0,0,0,0,0
2.000000,75,0,0,0,0,0,0
2.000000,76,0,0,0,0,0,0
2.000000,77,0,0,0,0,0,0
2.000000,78,0,0,0,0,0,0
2.000000,79,0,0,0,0,0,0
3.000000,0,0,0,0,0,0,0
3.000000,1,0,0,0,0,0,0
3.000000,2,0,0,0,0,0,0
3.000000,3,0,0,0,0,0,0
3.000000,4,0,0,0,0,0,0
3.000000,5,0,0,0,0,0,0
3.000000,6,0,0,0,0,0,0
3.000000,7,0,0,0,0,0,0
3.000000,8,0,0,0,0,0,0
3.000000,9,0,0,0,0,0,0
3.000000,10,0,0,0,0,0,0
3.000000,11,0,0,0,0,0,0
3.000000,12,0,0,0,0,0,0
3.000000,13,0,0,0,0,0,0
3.000000,14,0,0,0,0,0,0
3.000000,15,0,0,0,0,0,0
3.000000,16,0,0,0,0,0,0
3.000000,17,0,0,0,0,0,0
3.000000,18,0,0,0,0,0,0
3.000000,19,0,0,0,0,0,0
3.000000,20,0,0,0,0,0,0
3.000000,21,0,0,0,0,0,0
3.000000,22,0,0,0,0,0,0
3.000000,23,0,0,0,0,0,0
3.000000,24,0,0,0,0,0,0
3.000000,25,0,0,0,0,0,0
3.000000,26,0,0,0,0,0,0
3.000000,27,0,0,0,0,0,0
3.000000,28,0,0,0,0,0,0
3.000000,29,0,0,0,0,0,0
3.000000,30,0,0,0,0,0,0
3.000000,31,0,0,0,0,0,0
3.000000,32,0,0,0,0,0,0
3.000000,33,0,0,0,0,0,0
3.000000,34,0,0,0,0,0,0
3.000000,35,0,0,0,0,0,0
3.000000,36,0,0,0,0,0,0
3.000000,37,0,0,0,0,0,0
3.000000,38,0,0,0,0,0,0
3.000000,39,0,0,0,0,0,0
3.000000,40,0,0,0,0,0,0
3.000000,41,0,0,0,0,0,0
3.000000,42,0,0,0,0,0,0
3.000000,43,0,0,0,0,0,0
3.000000,44,0,0,0,0,0,0
3.000000,45,0,0,0,0,0,0
3.000000,46,0,0,0,0,0,0
3.000000,47,0,0,0,0,0,0
3.000000,48,0,0,0,0,0,0
3.000000,49,0,0,0,0,0,0
3.000000,50,0,0,0,0,0,0
3.000000,51,0,0,0,0,0,0
3.000000,52,0,0,0,0,0,0
3.000000,53,0,0,0,0,0,0
3.000000,54,0,0,0,0,0,0
3.000000,55,0,0,0,0,0,0
3.000000,56,0,0,0,0,0,0
3.000000,57,0,0,0,0,0,0
3.000000,58,0,0,0,0,0,0
3.000000,59,0,0,0,0,0,0
3.000000,60,0,0,0,0,0,0
3.000000,61,0,0,0,0,0,0
3.000000,62,0,0,0,0,0,0
3.000000,63,0,0,0,0,0,0
3.000000,64,0,0,0,0,0,0
3.000000,65,0,0,0,0,0,0
3.000000,66,0,0,0,0,0,0
3.000000,67,0,0,0,0,0,0
3.000000,68,0,0,0,0,0,0
3.000000,69,0,0,0,0,0,0
3.000000,70,0,0,0,0,0,0
3.000000,71,0,0,0,0,0,0
3.000000,72,0,0,0,0,0,0
3.000000,73,0,0,0,0,0,0
3.000000,74,0,0,0,0,0,0
3.000000,75,0,0,0,0,0,0
3.000000,76,0,0,0,0,0,0
3.000000,77,0,0,0,0,0,0
3.000000,78,0,0,0,0,0,0
3.000000,79,0,0,0,0,0,0
4.000000,0,0,0,0,0,0,0
4.000000,1,0,0,0,0,0,0
4.000000,2,0,0,0,0,0,0
4.000000,3,0,0,0,0,0,0
4.000000,4,0,0,0,0,0,0
4.000000,5,0,0,0,0,0,0
4.000000,6,0,0,0,0,0,0
4.000000,7,0,0,0,0,0,0
4.000000,8,0,0,0,0,0,0
4.000000,9,0,0,0,0,0,0
4.000000,10,0,0,0,0,0,0
4.000000,11,0,0,0,0,0,0
4.000000,12,0,0,0,0,0,0
4.000000,13,0,0,0,0,0,0
4.000000,14,0,0,0,0,0,0
4.000000,15,0,0,0,0,0,0
4.000000,16,0,0,0,0,0,0
4.000000,17,0,0,0,0,0,0
4.000000,18,0,0,0,0,0,0
4.000000,19,0,0,0,0,0,0
4.000000,20,0,0,0,0,0,0
4.000000,21,0,0,0,0,0,0
4.000000,22,0,0,0,0,0,0
4.000000,23,0,0,0,0,0,0
4.000000,24,0,0,0,0,0,0
4.000000,25,0,0,0,0,0,0
4.000000,26,0,0,0,0,0,0
4.000000,27,0,0,0,0,0,0
4.000000,28,0,0,0,0,0,0
4.000000,29,0,0,0,0,0,0
4.000000,30,0,0,0,0,0,0
4.000000,31,0,0,0,0,0,0
4.000000,32,0,0,0,0,0,0
4.000000,33,0,0,0,0,0,0
4.000000,34,0,0,0,0,0,0
4.000000,35,0,0,0,0,0,0
4.000000,36,0,0,0,0,0,0
4.000000,37,0,0,0,0,0,0
4.000000,38,0,0,0,0,0,0
4.000000,39,0,0,0,0,0,0
4.000000,40,0,0,0,0,0,0
4.000000,41,0,0,0,0,0,0
4.000000,42,0,0,0,0,0,0
4.000000,43,0,0,0,0,0,0
4.000000,44,0,0,0,0,0,0
4.000000,45,0,0,0,0,0,0
4.000000,46,0,0,0,0,0,0
4.000000,47,0,0,0,0,0,0
4.000000,48,0,0,0,0,0,0
4.000000,49,0,0,0,0,0,0
4.000000,50,0,0,0,0,0,0
4.000000,51,0,0,0,0,0,0
4.000000,52,0,0,0,0,0,0
4.000000,53,0,0,0,0,0,0
4.000000,54,0,0,0,0,0,0
4.000000,55,0,0,0,0,0,0
4.000000,56,0,0,0,0,0,0
4.000000,57,0,0,0,0,0,0
4.000000,58,0,0,0,0,0,0
4.000000,59,0,0,0,0,0,0
4.000000,60,0,0,0,0,0,0
4.000000,61,0,0,0,0,0,0
4.000000,62,0,0,0,0,0,0
4.000000,63,0,0,0,0,0,0
4.000000,64,0,0,0,0,0,0
4.000000,65,0,0,0,0,0,0
4.000000,66,0,0,0,0,0,0
4.000000,67,0,0,0,0,0,0
4.000000,68,0,0,0,0,0,0
4.000000,69,0,0,0,0,0,0
4.000000,70,0,0,0,0,0,0
4.000000,71,0,0,0,0,0,0
4.000000,72,0,0,0,0,0,0
4.000000,73,0,0,0,0,0,0
4.000000,74,0,0,0,0,0,0
4.000000,75,0,0,0,0,0,0
4.000000,76,0,0,0,0,0,0
4.000000,77,0,0,0,0,0,0
4.000000,78,0,0,0,0,0,0
4.000000,79,0,0,0,0,0,0
5.000000,0,0,0,0,0,0,0
5.000000,1,0,0,0,0,0,0
5.000000,2,0,0,0,0,0,0
5.000000,3,0,0,0,0,0,0
5.000000,4,0,0,0,0,0,0
5.000000,5,0,0,0,0,0,0
5.000000,6,0,0,0,0,0,0
5.000000,7,0,0,0,0,0,0
5.000000,8,0,0,0,0,0,0
5.000000,9,0,0,0,0,0,0
5.000000,10,0,0,0,0,0,0
5.000000,11,0,0,0,0,0,0
5.000000,12,0,0,0,0,0,0
5.000000,13,0,0,0,0,0,0
5.000000,14,0,0,0,0,0,0
5.000000,15,0,0,0,0,0,0
5.000000,16,0,0,0,0,0,0
5.000000,17,0,0,0,0,0,0
5.000000,18,0,0,0,0,0,0
5.000000,19,0,0,0,0,0,0
5.000000,20,0,0,0,0,0,0
5.000000,21,0,0,0,0,0,0
5.000000,22,0,0,0,0,0,0
5.000000,23,0,0,0,0,0,0
5.000000,24,0,0,0,0,0,0
5.000000,25,0,0,0,0,0,0
5.000000,26,0,0,0,0,0,0
5.000000,27,0,0,0,0,0,0
5.000000,28,0,0,0,0,0,0
5.000000,29,0,0,0,0,0,0
5.000000,30,0,0,0,0,0,0
5.000000,31,0,0,0,0,0,0
5.000000,32,0,0,0,0,0,0
5.000000,33,0,0,0,0,0,0
5.000000,34,0,0,0,0,0,0
5.000000,35,0,0,0,0,0,0
5.000000,36,0,0,0,0,0,0
5.000000,37,0,0,0,0,0,0
5.000000,38,0,0,0,0,0,0
5.000000,39,0,0,0,0,0,0
5.000000,40,0,0,0,0,0,0
5.000000,41,0,0,0,0,0,0
5.000000,42,0,0,0,0,0,0
5.000000,43,0,0,0,0,0,0
5.000000,44,0,0,0,0,0,0
5.000000,45,0,0,0,0,0,0
5.000000,46,0,0,0,0,0,0
5.000000,47,0,0,0,0,0,0
5.000000,48,0,0,0,0,0,0
5.000000,49,0,0,0,0,0,0
5.000000,50,0,0,0,0,0,0
5.000000,51,0,0,0,0,0,0
5.000000,52,0,0,0,0,0,0
5.000000,53,0,0,0,0,0,0
5.000000,54,0,0,0,0,0,0
5.000000,55,0,0,0,0,0,0
5.000000,56,0,0,0,0,0,0
5.000000,57,0,0,0,0,0,0
5.000000,58,0,0,0,0,0,0
5.000000,59,0,0,0,0,0,0
5.000000,60,0,0,0,0,0,0
5.000000,61,0,0,0,0,0,0
5.000000,62,0,0,0,0,0,0
5.000000,63,0,0,0,0,0,0
5.000000,64,0,0,0,0,0,0
5.000000,65,0,0,0,0,0,0
5.000000,66,0,0,0,0,0,0
5.000000,67,0,0,0,0,0,1
5.000000,68,0,0,0,0,0,0
5.000000,69,0,0,0,0,0,0
5.000000,70,0,0,0,0,0,0
5.000000,71,0,0,0,0,0,0
5.000000,72,0,0,0,0,0,0
5.000000,73,0,0,0,0,0,0
5.000000,74,0,0,0,0,0,0
5.000000,75,0,0,0,0,0,0
5.000000,76,0,0,0,0,0,0
5.000000,77,0,0,0,0,0,0
5.000000,78,0,0,0,0,0,0
5.000000,79,0,0,0,0,0,0
6.000000,0,0,0,0,0,0,0
6.000000,1,0,0,0,0,0,0
6.000000,2,0,0,0,0,0,0
6.000000,3,0,0,0,0,0,0
6.000000,4,0,0,0,0,0,0
6.000000,5,0,0,0,0,0,0
6.000000,6,0,0,0,0,0,0
6.000000,7,0,0,0,0,0,0
6.000000,8,0,0,0,0,0,0
6.000000,9,0,0,0,0,0,0
6.000000,10,0,0,0,0,0,0
6.000000,11,0,0,0,0,0,0
6.000000,12,0,0,0,0,0,0
6.000000,13,0,0,0,0,0,0
6.000000,14,0,0,0,0,0,0
6.000000,15,0,0,0,0,0,0
6.000000,16,0,0,0,0,0,0
6.000000,17,0,0,0,0,0,0
6.000000,18,0,0,0,0,0,0
6.000000,19,0,0,0,0,0,0
6.000000,20,0,0,0,0,0,0
6.000000,21,0,0,0,0,0,0
6.000000,22,0,0,0,0,0,0
6.000000,23,0,0,0,0,0,0
6.000000,24,0,0,0,0,0,0
6.000000,25,0,0,0,0,0,0
6.000000,26,0,0,0,0,0,0
6.000000,27,0,0,0,0,0,0
6.000000,28,0,0,0,0,0,0
6.000000,29,0,0,0,0,0,0
6.000000,30,0,0,0,0,0,0
6.000000,31,0,0,0,0,0,0
6.000000,32,0,0,0,0,0,0
6.000000,33,0,0,0,0,0,0
6.000000,34,0,0,0,0,0,0
6.000000,35,0,0,0,0,0,0
6.000000,36,0,0,0,0,0,0
6.000000,37,0,0,0,0,0,0
6.000000,38,0,0,0,0,0,0
6.000000,39,0,0,0,0,0,0
6.000000,40,0,0,0,0,0,0
6.000000,41,0,0,0,0,0,0
6.000000,42,0,0,0,0,0,0
6.000000,43,0,0,0,0,0,0
6.000000,44,0,0,0,0,0,0
6.000000,45,0,0,0,0,0,0
6.000000,46,0,0,0,0,0,0
6.000000,47,0,0,0,0,0,0
6.000000,48,0,0,0,0,0,0
6.000000,49,0,0,0,0,0,0
6.000000,50,0,0,0,0,0,0
6.000000,51,0,0,0,0,0,0
6.000000,52,0,0,0,0,0,0
6.000000,53,0,0,0,0,0,0
6.000000,54,0,0,0,0,0,0
6.000000,55,0,0,0,0,0,0
6.000000,56,0,0,0,0,0,0
6.000000,57,0,0,0,0,0,0
6.000000,58,0,0,0,0,0,0
6.000000,59,0,0,0,0,0,0
6.000000,60,0,0,0,0,0,0
6.000000,61,0,0,0,0,0,0
6.000000,62,0,0,0,0,0,0
6.000000,63,0,0,0,0,0,0
6.000000,64,0,0,0,0,0,0
6.000000,65,0,0,0,0,0,0
6.000000,66,0,0,0,0,0,0
6.000000,67,0,0,0,0,0,1
6.000000,68,0,0,0,0,0,0
6.000000,69,0,0,0,0,0,0
6.000000,70,0,0,0,0,0,0
6.000000,71,0,0,0,0,0,0
6.000000,72,0,0,0,0,0,0
6.000000,73,0,0,0,0,0,0
6.000000,74,0,0,0,0,0,0
6.000000,75,0,0,0,0,0,0
6.000000,76,0,0,0,0,0,0
6.000000,77,0,0,0,0,0,0
6.000000,78,0,0,0,0,0,0
6.000000,79,0,0,0,0,0,0
7.000000,0,0,0,0,0,0,0
7.000000,1,0,0,0,0,0,0
7.000000,2,0,0,0,0,0,0
7.000000,3,0,0,0,0,0,0
7.000000,4,0,0,0,0,0,0
7.000000,5,0,0,0,0,0,0
7.000000,6,0,0,0,0,0,0
7.000000,7,0,0,0,0,0,0
7.000000,8,0,0,0,0,0,0
7.000000,9,0,0,0,0,0,0
7.000000,10,0,0,0,0,0,0
7.000000,11,0,0,0,0,0,0
7.000000,12,0,0,0,0,0,0
7.000000,13,0,0,0,0,0,0
7.000000,14,0,0,0,0,0,0
7.000000,15,0,0,0,0,0,0
7.000000,16,0,0,0,0,0,0
7.000000,17,0,0,0,0,0,0
7.000000,18,0,0,0,0,0,0
7.000000,19,0,0,0,0,0,0
7.000000,20,0,0,0,0,0,0
7.000000,21,0,0,0,0,0,0
7.000000,22,0,0,0,0,0,0
7.000000,23,0,0,0,0,0,0
7.000000,24,0,0,0,0,0,0
7.000000,25,0,0,0,0,0,0
7.000000,26,0,0,0,0,0,0
7.000000,27,0,0,0,0,0,0
7.000000,28,0,0,0,0,0,0
7.000000,29,0,0,0,0,0,0
7.000000,30,0,0,0,0,0,0
7.000000,31,0,0,0,0,0,0
7.000000,32,0,0,0,0,0,0
7.000000,33,0,0,0,0,0,0
7.000000,34,0,0,0,0,0,0
7.000000,35,0,0,0,0,0,0
7.000000,36,0,0,0,0,0,0
7.000000,37,0,0,0,0,0,0
7.000000,38,0,0,0,0,0,0
7.000000,39,0,0,0,0,0,0
7.000000,40,0,0,0,0,0,0
7.000000,41,0,0,0,0,0,0
7.000000,42,0,0,0,0,0,0
7.000000,43,0,0,0,0,0,0
7.000000,44,0,0,0,0,0,0
7.000000,45,0,0,0,0,0,0
7.000000,46,0,0,0,0,0,0
7.000000,47,0,0,0,0,0,0
7.000000,48,0,0,0,0,0,0
7.000000,49,0,0,0,0,0,0
7.000000,50,0,0,0,0,0,0
7.000000,51,0,0,0,0,0,0
7.000000,52,0,0,0,0,0,0
7.000000,53,0,0,0,0,0,0
7.000000,54,0,0,0,0,0,0
7.000000,55,0,0,0,0,0,0
7.000000,56,0,0,0,0,0,0
7.000000,57,0,0,0,0,0,0
7.000000,58,0,0,0,0,0,0
7.000000,59,0,0,0,0,0,0
7.000000,60,0,0,0,0,0,0
7.000000,61,0,0,0,0,0,0
7.000000,62,0,0,0,0,0,0
7.000000,63,0,0,0,0,0,0
7.000000,64,0,0,0,0,0,0
7.000000,65,0,0,0,0,0,0
7.000000,66,0,0,0,0,0,0
7.000000,67,0,0,0,0,0,1
7.000000,68,0,0,0,0,0,0
7.000000,69,0,0,0,0,0,0
7.000000,70,0,0,0,0,0,0
7.000000,71,0,0,0,0,0,0
7.000000,72,0,0,0,0,0,0
7.000000,73,0,0,0,0,0,0
7.000000,74,0,0,0,0,0,0
7.000000,75,0,0,0,0,0,0
7.000000,76,0,0,0,0,0,0
7.000000,77,0,0,0,0,0,0
7.000000,78,0,0,0,0,0,0
7.000000,79,0,0,0,0,0,0
8.000000,0,0,0,0,0,0,0
8.000000,1,0,0,0,0,0,0
8.000000,2,0,0,0,0,0,0
8.000000,3,0,0,0,0,0,0
8.000000,4,0,0,0,0,0,0
8.000000,5,0,0,0,0,0,0
8.000000,6,0,0,0,0,0,0
8.000000,7,0,0,0,0,0,0
8.000000,8,0,0,0,0,0,0
8.000000,9,0,0,0,0,0,0
8.000000,10,0,0,0,0,0,0
8.000000,11,0,0,0,0,0,0
8.000000,12,0,0,0,0,0,0
8.000000,13,0,0,0,0,0,0
8.000000,14,0,0,0,0,0,0
8.000000,15,0,0,0,0,0,0
8.000000,16,0,0,0,0,0,0
8.000000,17,0,0,0,0,0,0
8.000000,18,0,0,0,0,0,0
8.000000,19,0,0,0,0,0,0
8.000000,20,0,0,0,0,0,0
8.000000,21,0,0,0,0,0,0
8.000000,22,0,0,0,0,0,0
8.000000,23,0,0,0,0,0,0
8.000000,24,0,0,0,0,0,0
8.000000,25,0,0,0,0,0,0
8.000000,26,0,0,0,0,0,0
8.000000,27,0,0,0,0,0,0
8.000000,28,0,0,0,0,0,0
8.000000,29,0,0,0,0,0,0
8.000000,30,0,0,0,0,0,0
8.000000,31,0,0,0,0,0,0
8.000000,32,0,0,0,0,0,0
8.000000,33,0,0,0,0,0,0
8.000000,34,0,0,0,0,0,0
8.000000,35,0,0,0,0,0,0
8.000000,36,0,0,0,0,0,0
8.000000,37,0,0,0,0,0,0
8.000000,38,0,0,0,0,0,0
8.000000,39,0,0,0,0,0,0
8.000000,40,0,0,0,0,0,0
8.000000,41,0,0,0,0,0,0
8.000000,42,0,0,0,0,0,0
8.000000,43,0,0,0,0,0,0
8.000000,44,0,0,0,0,0,0
8.000000,45,0,0,0,0,0,0
8.000000,46,0,0,0,0,0,0
8.000000,47,0,0,0,0,0,0
8.000000,48,0,0,0,0,0,0
8.000000,49,0,0,0,0,0,0
8.000000,50,0,0,0,0,0,0
8.000000,51,0,0,0,0,0,0
8.000000,52,0,0,0,0,0,0
8.000000,53,0,0,0,0,0,0
8.000000,54,0,0,0,0,0,0
8.000000,55,0,0,0,0,0,0
8.000000,56,0,0,0,0,0,0
8.000000,57,0,0,0,0,0,0
8.000000,58,0,0,0,0,0,0
8.000000,59,0,0,0,0,0,0
8.000000,60,0,0,0,0,0,0
8.000000,61,0,0,0,0,0,0
8.000000,62,0,0,0,0,0,0
8.000000,63,0,0,0,0,0,0
8.000000,64,0,0,0,0,0,0
8.000000,65,0,0,0,0,0,0
8.000000,66,0,0,0,0,0,0
8.000000,67,0,0,0,0,0,1
8.000000,68,0,0,0,0,0,0
8.000000,69,0,0,0,0,0,0
8.000000,70,0,0,0,0,0,0
8.000000,71,0,0,0,0,0,0
8.000000,72,0,0,0,0,0,0
8.000000,73,0,0,0,0,0,0
8.000000,74,0,0,0,0,0,0
8.000000,75,0,0,0,0,0,0
8.000000,76,0,0,0,0,0,0
8.000000,77,0,0,0,0,0,0
8.000000,78,0,0,0,0,0,0
8.000000,79,0,0,0,0,0,0
9.000000,0,0,0,0,0,0,0
9.000000,1,0,0,0,0,0,0
9.000000,2,0,0,0,0,0,0
9.000000,3,0,0,0,0,0,0
9.000000,4,0,0,0,0,0,0
9.000000,5,0,0,0,0,0,0
9.000000,6,0,0,0,0,0,0
9.000000,7,0,0,0,0,0,0
9.000000,8,0,0,0,0,0,0
9.000000,9,0,0,0,0,0,0
9.000000,10,0,0,0,0,0,0
9.000000,11,0,0,0,0,0,0
9.000000,12,0,0,0,0,0,0
9.000000,13,0,0,0,0,0,0
9.000000,14,0,0,0,0,0,0
9.000000,15,0,0,0,0,0,0
9.000000,16,0,0,0,0,0,0
9.000000,17,0,0,0,0,0,0
9.000000,18,0,0,0,0,0,0
9.000000,19,0,0,0,0,0,0
9.000000,20,0,0,0,0,0,0
9.000000,21,0,0,0,0,0,0
9.000000,22,0,0,0,0,0,0
9.000000,23,0,0,0,0,0,0
9.000000,24,0,0,0,0,0,0
9.000000,25,0,0,0,0,0,0
9.000000,26,0,0,0,0,0,0
9.000000,27,0,0,0,0,0,0
9.000000,28,0,0,0,0,0,0
9.000000,29,0,0,0,0,0,0
9.000000,30,0,0,0,0,0,0
9.000000,31,0,0,0,0,0,0
9.000000,32,0,0,0,0,0,0
9.000000,33,0,0,0,0,0,0
9.000000,34,0,0,0,0,0,0
9.000000,35,0,0,0,0,0,0
9.000000,36,0,0,0,0,0,0
9.000000,37,0,0,0,0,0,0
9.000000,38,0,0,0,0,0,0
9.000000,39,0,0,0,0,0,0
9.000000,40,0,0,0,0,0,0
9.000000,41,0,0,0,0,0,0
9.000000,42,0,0,0,0,0,0
9.000000,43,0,0,0,0,0,0
9.000000,44,0,0,0,0,0,0
9.000000,45,0,0,0,0,0,0
9.000000,46,0,0,0,0,0,0
9.000000,47,0,0,0,0,0,0
9.000000,48,0,0,0,0,0,0
9.000000,49,0,0,0,0,0,0
9.000000,50,0,0,0,0,0,0
9.000000,51,0,0,0,0,0,0
9.000000,52,0,0,0,0,0,0
9.000000,53,0,0,0,0,0,0
9.000000,54,0,0,0,0,0,0
9.000000,55,0,0,0,0,0,0
9.000000,56,0,0,0,0,0,0
9.000000,57,0,0,0,0,0,0
9.000000,58,0,0,0,0,0,0
9.000000,59,0,0,0,0,0,0
9.000000,60,0,0,0,0,0,0
9.000000,61,0,0,0,0,0,0
9.000000,62,0,0,0,0,0,0
9.000000,63,0,0,0,0,0,0
9.000000,64,0,0,0,0,0,0
9.000000,65,0,0,0,0,0,0
9.000000,66,0,0,0,0,0,0
9.000000,67,0,0,0,0,0,1
9.000000,68,0,0,0,0,0,0
9.000000,69,0,0,0,0,0,0
9.000000,70,0,0,0,0,0,0
9.000000,71,0,0,0,0,0,0
9.000000,72,0,0,0,0,0,0
9.000000,73,0,0,0,0,0,0
9.000000,74,0,0,0,0,0,0
9.000000,75,0,0,0,0,0,0
9.000000,76,0,0,0,0,0,0
9.000000,77,0,0,0,0,0,0
9.000000,78,0,0,0,0,0,0
9.000000,79,0,0,0,0,0,0
10.000000,0,0,0,0,0,0,0
10.000000,1,0,0,0,0,0,0
10.000000,2,0,0,0,0,0,0
10.000000,3,0,0,0,0,0,0
10.000000,4,0,0,0,0,0,0
10.000000,5,0,0,0,0,0,0
10.000000,6,0,0,0,0,0,0
10.000000,7,0,0,0,0,0,0
10.000000,8,0,0,0,0,0,0
10.000000,9,0,0,0,0,0,0
10.000000,10,0,0,0,0,0,0
10.000000,11,0,0,0,0,0,0
10.000000,12,0,0,0,0,0,0
10.000000,13,0,0,0,0,0,0
10.000000,14,0,0,0,0,0,0
10.000000,15,0,0,0,0,0,0
10.000000,16,0,0,0,0,0,0
10.000000,17,0,0,0,0,0,0
10.000000,18,0,0,0,0,0,0
10.000000,19,0,0,0,0,0,0
10.000000,20,0,0,0,0,0,0
10.000000,21,0,0,0,0,0,0
10.000000,22,0,0,0,0,0,0
10.000000,23,0,0,0,0,0,0
10.000000,24,0,0,0,0,0,0
10.000000,25,0,0,0,0,0,0
10.000000,26,0,0,0,0,0,0
10.000000,27,0,0,0,0,0,0
10.000000,28,0,0,0,0,0,0
10.000000,29,0,0,0,0,0,0
10.000000,30,0,0,0,0,0,0
10.000000,31,0,0,0,0,0,0
10.000000,32,0,0,0,0,0,0
10.000000,33,0,0,0,0,0,0
10.000000,34,0,0,0,0,0,0
10.000000,35,0,0,0,0,0,0
10.000000,36,0,0,0,0,0,0
10.000000,37,0,0,0,0,0,0
10.000000,38,0,0,0,0,0,0
10.000000,39,0,0,0,0,0,0
10.000000,40,0,0,0,0,0,0
10.000000,41,0,0,0,0,0,0
10.000000,42,0,0,0,0,0,0
10.000000,43,0,0,0,0,0,0
10.000000,44,0,0,0,0,0,0
10.000000,45,0,0,0,0,0,0
10.000000,46,0,0,0,0,0,0
10.000000,47,0,0,0,0,0,0
10.000000,48,0,0,0,0,0,0
10.000000,49,0,0,0,0,0,0
10.000000,50,0,0,0,0,0,0
10.000000,51,0,0,0,0,0,0
10.000000,52,0,0,0,0,0,0
10.000000,53,0,0,0,0,0,0
10.000000,54,0,0,0,0,0,0
10.000000,55,0,0,0,0,0,0
10.000000,56,0,0,0,0,0,0
10.000000,57,0,0,0,0,0,0
10.000000,58,0,0,0,0,0,0
10.000000,59,0,0,0,0,0,0
10.000000,60,0,0,0,0,0,0
10.000000,61,0,0,0,0,0,0
10.000000,62,0,0,0,0,0,0
10.000000,63,0,0,0,0,0,0
10.000000,64,0,0,0,0,0,0
10.000000,65,0,0,0,0,0,0
10.000000,66,0,0,0,0,0,0
10.000000,67,0,0,0,0,0,1
10.000000,68,0,0,0,0,0,0
10.000000,69,0,0,0,0,0,0
10.000000,70,0,0,0,0,0,0
10.000000,71,0,0,0,0,0,0
10.000000,72,0,0,0,0,0,0
10.000000,73,0,0,0,0,0,0
10.000000,74,0,0,0,0,0,0
10.000000,75,0,0,0,0,0,0
10.000000,76,0,0,0,0,0,0
10.000000,77,0,0,0,0,0,0
10.000000,78,0,0,0,0,0,0
10.000000,79,0,0,0,0,0,0
11.000000,0,0,0,0,0,0,0
11.000000,1,0,0,0,0,0,0
11.000000,2,0,0,0,0,0,0
11.000000,3,0,0,0,0,0,0
11.000000,4,0,0,0,0,0,0
11.000000,5,0,0,0,0,0,0
11.000000,6,0,0,0,0,0,0
11.000000,7,0,0,0,0,0,0
11.000000,8,0,0,0,0,0,0
11.000000,9,0,0,0,0,0,0
11.000000,10,0,0,0,0,0,0
11.000000,11,0,0,0,0,0,0
11.000000,12,0,0,0,0,0,0
11.000000,13,0,0,0,0,0,0
11.000000,14,0,0,0,0,0,0
11.000000,15,0,0,0,0,0,0
11.000000,16,0,0,0,0,0,0
11.000000,17,0,0,0,0,0,0
11.000000,18,0,0,0,0,0,0
11.000000,19,0,0,0,0,0,0
11.000000,20,0,0,0,0,0,0
11.000000,21,0,0,0,0,0,0
11.000000,22,0,0,0,0,0,0
11.000000,23,0,0,0,0,0,0
11.000000,24,0,0,0,0,0,0
11.000000,25,0,0,0,0,0,0
11.000000,26,0,0,0,0,0,0
11.000000,27,0,0,0,0,0,0
11.000000,28,0,0,0,0,0,0
11.000000,29,0,0,0,0,0,0
11.000000,30,0,0,0,0,0,0
11.000000,31,0,0,0,0,0,0
11.000000,32,0,0,0,0,0,0
11.000000,33,0,0,0,0,0,0
11.000000,34,0,0,0,0,0,0
11.000000,35,0,0,0,0,0,0
11.000000,36,0,0,0,0,0,0
11.000000,37,0,0,0,0,0,0
11.000000,38,0,0,0,0,0,0
11.000000,39,0,0,0,0,0,0
11.000000,40,0,0,0,0,0,0
11.000000,41,0,0,0,0,0,0
11.000000,42,0,0,0,0,0,0
11.000000,43,0,0,0,0,0,0
11.000000,44,0,0,0,0,0,0
11.000000,45,0,0,0,0,0,0
11.000000,46,0,0,0,0,0,0
11.000000,47,0,0,0,0,0,0
11.000000,48,0,0,0,0,0,0
11.000000,49,0,0,0,0,0,0
11.000000,50,0,0,0,0,0,0
11.000000,51,0,0,0,0,0,0
11.000000,52,0,0,0,0,0,0
11.000000,53,0,0,0,0,0,0
11.000000,54,0,0,0,0,0,0
11.000000,55,0,0,0,0,0,0
11.000000,56,0,0,0,0,0,0
11.000000,57,0,0,0,0,0,0
11.000000,58,0,0,0,0,0,0
11.000000,59,0,0,0,0,0,0
11.000000,60,0,0,0,0,0,0
11.000000,61,0,0,0,0,0,0
11.000000,62,0,0,0,0,0,0
11.000000,63,0,0,0,0,0,0
11.000000,64,0,0,0,0,0,0
11.000000,65,0,0,0,0,0,0
11.000000,66,0,0,0,0,0,0
11.000000,67,0,0,0,0,0,1
11.000000,68,0,0,0,0,0,0
11.000000,69,0,0,0,0,0,0
11.000000,70,0,0,0,0,0,0
11.000000,71,0,0,0,0,0,0
11.000000,72,0,0,0,0,0,0
11.000000,73,0,0,0,0,0,0
11.000000,74,0,0,0,0,0,0
11.000000,75,0,0,0,0,0,0
11.000000,76,0,0,0,0,0,0
11.000000,77,0,0,0,0,0,0
11.000000,78,0,0,0,0,0,0
11.000000,79,0,0,0,0,0,0
12.000000,0,0,0,0,0,0,0
12.000000,1,0,0,0,0,0,0
12.000000,2,0,0,0,0,0,0
12.000000,3,0,0,0,0,0,0
12.000000,4,0,0,0,0,0,0
12.000000,5,0,0,0,0,0,0
12.000000,6,0,0,0,0,0,0
12.000000,7,0,0,0,0,0,0
12.000000,8,0,0,0,0,0,0
12.000000,9,0,0,0,0,0,0
12.000000,10,0,0,0,0,0,0
12.000000,11,0,0,0,0,0,0
12.000000,12,0,0,0,0,0,0
12.000000,13,0,0,0,0,0,0
12.000000,14,0,0,0,0,0,0
12.000000,15,0,0,0,0,0,0
12.000000,16,0,0,0,0,0,0
12.000000,17,0,0,0,0,0,0
12.000000,18,0,0,0,0,0,0
12.000000,19,0,0,0,0,0,0
12.000000,20,0,0,0,0,0,0
12.000000,21,0,0,0,0,0,0
12.000000,22,0,0,0,0,0,0
12.000000,23,0,0,0,0,0,0
12.000000,24,0,0,0,0,0,0
12.000000,25,0,0,0,0,0,0
12.000000,26,0,0,0,0,0,0
12.000000,27,0,0,0,0,0,0
12.000000,28,0,0,0,0,0,0
12.000000,29,0,0,0,0,0,0
12.000000,30,0,0,0,0,0,0
12.000000,31,0,0,0,0,0,0
12.000000,32,0,0,0,0,0,0
12.000000,33,0,0,0,0,0,0
12.000000,34,0,0,0,0,0,0
12.000000,35,0,0,0,0,0,0
12.000000,36,0,0,0,0,0,0
12.000000,37,0,0,0,0,0,0
12.000000,38,0,0,0,0,0,0
12.000000,39,0,0,0,0,0,0
12.000000,40,0,0,0,0,0,0
12.000000,41,0,0,0,0,0,0
12.000000,42,0,0,0,0,0,0
12.000000,43,0,0,0,0,0,0
12.000000,44,0,0,0,0,0,0
12.000000,45,0,0,0,0,0,0
12.000000,46,0,0,0,0,0,0
12.000000,47,0,0,0,0,0,0
12.000000,48,0,0,0,0,0,0
12.000000,49,0,0,0,0,0,0
12.000000,50,0,0,0,0,0,0
12.000000,51,0,0,0,0,0,0
12.000000,52,0,0,0,0,0,0
12.000000,53,0,0,0,0,0,0
12.000000,54,0,0,0,0,0,0
12.000000,55,0,0,0,0,0,0
12.000000,56,0,0,0,0,0,0
12.000000,57,0,0,0,0,0,0
12.000000,58,0,0,0,0,0,0
12.000000,59,0,0,0,0,0,0
12.000000,60,0,0,0,0,0,0
12.000000,61,0,0,0,0,0,0
12.000000,62,0,0,0,0,0,0
12.000000,63,0,0,0,0,0,0
12.000000,64,0,0,0,0,0,0
12.000000,65,0,0,0,0,0,0
12.000000,66,0,0,0,0,0,0
12.000000,67,0,0,0,0,0,1
12.000000,68,0,0,0,0,0,0
12.000000,69,0,0,0,0,0,0
12.000000,70,0,0,0,0,0,0
12.000000,71,0,0,0,0,0,0
12.000000,72,0,0,0,0,0,0
12.000000,73,0,0,0,0,0,0
12.000000,74,0,0,0,0,0,0
12.000000,75,0,0,0,0,0,0
12.000000,76,0,0,0,0,0,0
12.000000,77,0,0,0,0,0,0
12.000000,78,0,0,0,0,0,0
12.000000,79,0,0,0,0,0,0
13.000000,0,0,0,0,0,0,0
13.000000,1,0,0,0,0,0,0
13.000000,2,0,0,0,0,0,0
13.000000,3,0,0,0,0,0,0
13.000000,4,0,0,0,0,0,0
13.000000,5,0,0,0,0,0,0
13.000000,6,0,0,0,0,0,0
13.000000,7,0,0,0,0,0,0
13.000000,8,0,0,0,0,0,0
13.000000,9,0,0,0,0,0,0
13.000000,10,0,0,0,0,0,0
13.000000,11,0,0,0,0,0,0
13.000000,12,0,0,0,0,0,0
13.000000,13,0,0,0,0,0,0
13.000000,14,0,0,0,0,0,0
13.000000,15,0,0,0,0,0,0
13.000000,16,0,0,0,0,0,0
13.000000,17,0,0,0,0,0,0
13.000000,18,0,0,0,0,0,0
13.000000,19,0,0,0,0,0,0
13.000000,20,0,0,0,0,0,0
13.000000,21,0,0,0,0,0,0
13.000000,22,0,0,0,0,0,0
13.000000,23,0,0,0,0,0,0
13.000000,24,0,0,0,0,0,0
13.000000,25,0,0,0,0,0,0
13.000000,26,0,0,0,0,0,0
13.000000,27,0,0,0,0,0,0
13.000000,28,0,0,0,0,0,0
13.000000,29,0,0,0,0,0,0
13.000000,30,0,0,0,0,0,0
13.000000,31,0,0,0,0,0,0
13.000000,32,0,0,0,0,0,0
13.000000,33,0,0,0,0,0,0
13.000000,34,0,0,0,0,0,0
13.000000,35,0,0,0,0,0,0
13.000000,36,0,0,0,0,0,0
13.000000,37,0,0,0,0,0,0
13.000000,38,0,0,0,0,0,0
13.000000,39,0,0,0,0,0,0
13.000000,40,0,0,0,0,0,0
13.000000,41,0,0,0,0,0,0
13.000000,42,0,0,0,0,0,0
13.000000,43,0,0,0,0,0,0
13.000000,44,0,0,0,0,0,0
13.000000,45,0,0,0,0,0,0
13.000000,46,0,0,0,0,0,0
13.000000,47,0,0,0,0,0,0
13.000000,48,0,0,0,0,0,0
13.000000,49,0,0,0,0,0,0
13.000000,50,0,0,0,0,0,0
13.000000,51,0,0,0,0,0,0
13.000000,52,0,0,0,0,0,0
13.000000,53,0,0,0,0,0,0
13.000000,54,0,0,0,0,0,0
13.000000,55,0,0,0,0,0,0
13.000000,56,0,0,0,0,0,0
13.000000,57,0,0,0,0,0,0
13.000000,58,0,0,0,0,0,0
13.000000,59,0,0,0,0,0,0
13.000000,60,0,0,0,0,0,0
13.000000,61,0,0,0,0,0,0
13.000000,62,0,0,0,0,0,0
13.000000,63,0,0,0,0,0,0
13.000000,64,0,0,0,0,0,0
13.000000,65,0,0,0,0,0,0
13.000000,66,0,0,0,0,0,0
13.000000,67,0,0,0,0,0,1
13.000000,68,0,0,0,0,0,0
13.000000,69,0,0,0,0,0,0
13.000000,70,0,0,0,0,0,0
13.000000,71,0,0,0,0,0,0
13.000000,72,0,0,0,0,0,0
13.000000,73,0,0,0,0,0,0
13.000000,74,0,0,0,0,0,0
13.000000,75,0,0,0,0,0,0
13.000000,76,0,0,0,0,0,0
13.000000,77,0,0,0,0,0,0
13.000000,78,0,0,0,0,0,0
13.000000,79,0,0,0,0,0,0
14.000000,0,0,0,0,0,0,0
14.000000,1,0,0,0,0,0,0
14.000000,2,0,0,0,0,0,0
14.000000,3,0,0,0,0,0,0
14.000000,4,0,0,0,0,0,0
14.000000,5,0,0,0,0,0,0
14.000000,6,0,0,0,0,0,0
14.000000,7,0,0,0,0,0,0
14.000000,8,0,0,0,0,0,0
14.000000,9,0,0,0,0,0,0
14.000000,10,0,0,0,0,0,0
14.000000,11,0,0,0,0,0,0
14.000000,12,0,0,0,0,0,0
14.000000,13,0,0,0,0,0,0
14.000000,14,0,0,0,0,0,0
14.000000,15,0,0,0,0,0,0
14.000000,16,0,0,0,0,0,0
14.000000,17,0,0,0,0,0,0
14.000000,18,0,0,0,0,0,0
14.000000,19,0,0,0,0,0,0
14.000000,20,0,0,0,0,0,0
14.000000,21,0,0,0,0,0,0
14.000000,22,0,0,0,0,0,0
14.000000,23,0,0,0,0,0,0
14.000000,24,0,0,0,0,0,0
14.000000,25,0,0,0,0,0,0
14.000000,26,0,0,0,0,0,0
14.000000,27,0,0,0,0,0,0
14.000000,28,0,0,0,0,0,0
14.000000,29,0,0,0,0,0,0
14.000000,30,0,0,0,0,0,0
14.000000,31,0,0,0,0,0,0
14.000000,32,0,0,0,0,0,0
14.000000,33,0,0,0,0,0,0
14.000000,34,0,0,0,0,0,0
14.000000,35,0,0,0,0,0,0
14.000000,36,0,0,0,0,0,0
14.000000,37,0,0,0,0,0,0
14.000000,38,0,0,0,0,0,0
14.000000,39,0,0,0,0,0,0
14.000000,40,0,0,0,0,0,0
14.000000,41,0,0,0,0,0,0
14.000000,42,0,0,0,0,0,0
14.000000,43,0,0,0,0,0,0
14.000000,44,0,0,0,0,0,0
14.000000,45,0,0,0,0,0,0
14.000000,46,0,0,0,0,0,0
14.000000,47,0,0,0,0,0,0
14.000000,48,0,0,0,0,0,0
14.000000,49,0,0,0,0,0,0
14.000000,50,0,0,0,0,0,0
14.000000,51,0,0,0,0,0,0
14.000000,52,0,0,0,0,0,0
14.000000,53,0,0,0,0,0,0
14.000000,54,0,0,0,0,0,0
14.000000,55,0,0,0,0,0,0
14.000000,56,0,0,0,0,0,0
14.000000,57,0,0,0,0,0,0
14.000000,58,0,0,0,0,0,0
14.000000,59,0,0,0,0,0,0
14.000000,60,0,0,0,0,0,0
14.000000,61,0,0,0,0,0,0
14.000000,62,0,0,0,0,0,0
14.000000,63,0,0,0,0,0,0
14.000000,64,0,0,0,0,0,0
14.000000,65,0,0,0,0,0,0
14.000000,66,0,0,0,0,0,0
14.000000,67,0,0,0,0,0,1
14.000000,68,0,0,0,0,0,0
14.000000,69,0,0,0,0,0,0
14.000000,70,0,0,0,0,0,0
14.000000,71,0,0,0,0,0,0
14.000000,72,0,0,0,0,0,0
14.000000,73,0,0,0,0,0,0
14.000000,74,0,0,0,0,0,0
14.000000,75,0,0,0,0,0,0
14.000000,76,0,0,0,0,0,0
14.000000,77,0,0,0,0,0,0
14.000000,78,0,0,0,0,0,0
14.000000,79,0,0,0,0,0,0
15.000000,0,0,0,0,0,0,0
15.000000,1,0,0,0,0,0,0
15.000000,2,0,0,0,0,0,0
15.000000,3,0,0,0,0,0,0
15.000000,4,0,0,0,0,0,0
15.000000,5,0,0,0,0,0,0
15.000000,6,0,0,0,0,0,0
15.000000,7,0,0,0,0,0,0
15.000000,8,0,0,0,0,0,0
15.000000,9,0,0,0,0,0,0
15.000000,10,0,0,0,0,0,0
15.000000,11,0,0,0,0,0,0
15.000000,12,0,0,0,0,0,0
15.000000,13,0,0,0,0,0,0
15.000000,14,0,0,0,0,0,0
15.000000,15,0,0,0,0,0,0
15.000000,16,0,0,0,0,0,0
15.000000,17,0,0,0,0,0,0
15.000000,18,0,0,0,0,0,0
15.000000,19,0,0,0,0,0,0
15.000000,20,0,0,0,0,0,0
15.000000,21,0,0,0,0,0,0
15.000000,22,0,0,0,0,0,0
15.000000,23,0,0,0,0,0,0
15.000000,24,0,0,0,0,0,0
15.000000,25,0,0,0,0,0,0
15.000000,26,0,0,0,0,0,0
15.000000,27,0,0,0,0,0,0
15.000000,28,0,0,0,0,0,0
15.000000,29,0,0,0,0,0,0
15.000000,30,0,0,0,0,0,0
15.000000,31,0,0,0,0,0,0
15.000000,32,0,0,0,0,0,0
15.000000,33,0,0,0,0,0,0
15.000000,34,0,0,0,0,0,0
15.000000,35,0,0,0,0,0,0
15.000000,36,0,0,0,0,0,0
15.000000,37,0,0,0,0,0,0
15.000000,38,0,0,0,0,0,0
15.000000,39,0,0,0,0,0,0
15.000000,40,0,0,0,0,0,0
15.000000,41,0,0,0,0,0,0
15.000000,42,0,0,0,0,0,0
15.000000,43,0,0,0,0,0,0
15.000000,44,0,0,0,0,0,0
15.000000,45,0,0,0,0,0,0
15.000000,46,0,0,0,0,0,0
15.000000,47,0,0,0,0,0,0
15.000000,48,0,0,0,0,0,0
15.000000,49,0,0,0,0,0,0
15.000000,50,0,0,0,0,0,0
15.000000,51,0,0,0,0,0,0
15.000000,52,0,0,0,0,0,0
15.000000,53,0,0,0,0,0,0
15.000000,54,0,0,0,0,0,0
15.000000,55,0,0,0,0,0,0
15.000000,56,0,0,0,0,0,0
15.000000,57,0,0,0,0,0,0
15.000000,58,0,0,0,0,0,0
15.000000,59,0,0,0,0,0,0
15.000000,60,0,0,0,0,0,0
15.000000,61,0,0,0,0,0,0
15.000000,62,0,0,0,0,0,0
15.000000,63,0,0,0,0,0,0
15.000000,64,0,0,0,0,0,0
15.000000,65,0,0,0,0,0,0
15.000000,66,0,0,0,0,0,0
15.000000,67,0,0,0,0,0,1
15.000000,68,0,0,0,0,0,0
15.000000,69,0,0,0,0,0,0
15.000000,70,0,0,0,0,0,0
15.000000,71,0,0,0,0,0,0
15.000000,72,0,0,0,0,0,0
15.000000,73,0,0,0,0,0,0
15.000000,74,0,0,0,0,0,0
15.000000,75,0,0,0,0,0,0
15.000000,76,0,0,0,0,0,0
15.000000,77,0,0,0,0,0,0
15.000000,78,0,0,0,0,0,0
15.000000,79,0,0,0,0,0,0
16.000000,0,0,0,0,0,0,0
16.000000,1,0,0,0,0,0,0
16.000000,2,0,0,0,0,0,0
16.000000,3,0,0,0,0,0,0
16.000000,4,0,0,0,0,0,0
16.000000,5,0,0,0,0,0,0
16.000000,6,0,0,0,0,0,0
16.000000,7,0,0,0,0,0,0
16.000000,8,0,0,0,0,0,0
16.000000,9,0,0,0,0,0,0
16.000000,10,0,0,0,0,0,0
16.000000,11,0,0,0,0,0,0
16.000000,12,0,0,0,0,0,0
16.000000,13,0,0,0,0,0,0
16.000000,14,0,0,0,0,0,0
16.000000,15,0,0,0,0,0,0
16.000000,16,0,0,0,0,0,0
16.000000,17,0,0,0,0,0,0
16.000000,18,0,0,0,0,0,0
16.000000,19,0,0,0,0,0,0
16.000000,20,0,0,0,0,0,0
16.000000,21,0,0,0,0,0,0
16.000000,22,0,0,0,0,0,0
16.000000,23,0,0,0,0,0,0
16.000000,24,0,0,0,0,0,0
16.000000,25,0,0,0,0,0,0
16.000000,26,0,0,0,0,0,0
16.000000,27,0,0,0,0,0,0
16.000000,28,0,0,0,0,0,0
16.000000,29,0,0,0,0,0,0
16.000000,30,0,0,0,0,0,0
16.000000,31,0,0,0,0,0,0
16.000000,32,0,0,0,0,0,0
16.000000,33,0,0,0,0,0,0
16.000000,34,0,0,0,0,0,0
16.000000,35,0,0,0,0,0,0
16.000000,36,0,0,0,0,0,0
16.000000,37,0,0,0,0,0,0
16.000000,38,0,0,0,0,0,0
16.000000,39,0,0,0,0,0,0
16.000000,40,0,0,0,0,0,0
16.000000,41,0,0,0,0,0,0
16.000000,42,0,0,0,0,0,0
16.000000,43,0,0,0,0,0,0
16.000000,44,0,0,0,0,0,0
16.000000,45,0,0,0,0,0,0
16.000000,46,0,0,0,0,0,0
16.000000,47,0,0,0,0,0,0
16.000000,48,0,0,0,0,0,0
16.000000,49,0,0,0,0,0,0
16.000000,50,0,0,0,0,0,0
16.000000,51,0,0,0,0,0,0
16.000000,52,0,0,0,0,0,0
16.000000,53,0,0,0,0,0,0
16.000000,54,0,0,0,0,0,0
16.000000,55,0,0,0,0,0,0
16.000000,56,0,0,0,0,0,0
16.000000,57,0,0,0,0,0,0
16.000000,58,0,0,0,0,0,0
16.000000,59,0,0,0,0,0,0
16.000000,60,0,0,0,0,0,0
16.000000,61,0,0,0,0,0,0
16.000000,62,0,0,0,0,0,0
16.000000,63,0,0,0,0,0,0
16.000000,64,0,0,0,0,0,0
16.000000,65,0,0,0,0,0,0
16.000000,66,0,0,0,0,0,0
16.000000,67,0,0,0,0,0,1
16.000000,68,0,0,0,0,0,0
16.000000,69,0,0,0,0,0,0
16.000000,70,0,0,0,0,0,0
16.000000,71,0,0,0,0,0,0
16.000000,72,0,0,0,0,0,0
16.000000,73,0,0,0,0,0,0
16.000000,74,0,0,0,0,0,0
16.000000,75,0,0,0,0,0,0
16.000000,76,0,0,0,0,0,0
16.000000,77,0,0,0,0,0,0
16.000000,78,0,0,0,0,0,0
16.000000,79,0,0,0,0,0,0
17.000000,0,0,0,0,0,0,0
17.000000,1,0,0,0,0,0,0
17.000000,2,0,0,0,0,0,0
17.000000,3,0,0,0,0,0,0
17.000000,4,0,0,0,0,0,0
17.000000,5,0,0,0,0,0,0
17.000000,6,0,0,0,0,0,0
17.000000,7,0,0,0,0,0,0
17.000000,8,0,0,0,0,0,0
17.000000,9,0,0,0,0,0,0
17.000000,10,0,0,0,0,0,0
17.000000,11,0,0,0,0,0,0
17.000000,12,0,0,0,0,0,0
17.000000,13,0,0,0,0,0,0
17.000000,14,0,0,0,0,0,0
17.000000,15,0,0,0,0,0,0
17.000000,16,0,0,0,0,0,0
17.000000,17,0,0,0,0,0,0
17.000000,18,0,0,0,0,0,0
17.000000,19,0,0,0,0,0,0
17.000000,20,0,0,0,0,0,0
17.000000,21,0,0,0,0,0,0
17.000000,22,0,0,0,0,0,0
17.000000,23,0,0,0,0,0,0
17.000000,24,0,0,0,0,0,0
17.000000,25,0,0,0,0,0,0
17.000000,26,0,0,0,0,0,0
17.000000,27,0,0,0,0,0,0
17.000000,28,0,0,0,0,0,0
17.000000,29,0,0,0,0,0,0
17.000000,30,0,0,0,0,0,0
17.000000,31,0,0,0,0,0,0
17.000000,32,0,0,0,0,0,0
17.000000,33,0,0,0,0,0,0
17.000000,34,0,0,0,0,0,0
17.000000,35,0,0,0,0,0,0
17.000000,36,0,0,0,0,0,0
17.000000,37,0,0,0,0,0,0
17.000000,38,0,0,0,0,0,0
17.000000,39,0,0,0,0,0,0
17.000000,40,0,0,0,0,0,0
17.000000,41,0,0,0,0,0,0
17.000000,42,0,0,0,0,0,0
17.000000,43,0,0,0,0,0,0
17.000000,44,0,0,0,0,0,0
17.000000,45,0,0,0,0,0,0
17.000000,46,0,0,0,0,0,0
17.000000,47,0,0,0,0,0,0
17.000000,48,0,0,0,0,0,0
17.000000,49,0,0,0,0,0,0
17.000000,50,0,0,0,0,0,0
17.000000,51,0,0,0,0,0,0
17.000000,52,0,0,0,0,0,0
17.000000,53,0,0,0,0,0,0
17.000000,54,0,0,0,0,0,0
17.000000,55,0,0,0,0,0,0
17.000000,56,0,0,0,0,0,0
17.000000,57,0,0,0,0,0,0
17.000000,58,0,0,0,0,0,0
17.000000,59,0,0,0,0,0,0
17.000000,60,0,0,0,0,0,0
17.000000,61,0,0,0,0,0,0
17.000000,62,0,0,0,0,0,0
17.000000,63,0,0,0,0,0,0
17.000000,64,0,0,0,0,0,0
17.000000,65,0,0,0,0,0,0
17.000000,66,0,0,0,0,0,0
17.000000,67,0,0,0,0,0,1
17.000000,68,0,0,0,0,0,0
17.000000,69,0,0,0,0,0,0
17.000000,70,0,0,0,0,0,0
17.000000,71,0,0,0,0,0,0
17.000000,72,0,0,0,0,0,0
17.000000,73,0,0,0,0,0,0
17.000000,74,0,0,0,0,0,0
17.000000,75,0,0,0,0,0,0
17.000000,76,0,0,0,0,0,0
17.000000,77,0,0,0,0,0,0
17.000000,78,0,0,0,0,0,0
17.000000,79,0,0,0,0,0,0
18.000000,0,0,0,0,0,0,0
18.000000,1,0,0,0,0,0,0
18.000000,2,0,0,0,0,0,0
18.000000,3,0,0,0,0,0,0
18.000000,4,0,0,0,0,0,0
18.000000,5,0,0,0,0,0,0
18.000000,6,0,0,0,0,0,0
18.000000,7,0,0,0,0,0,0
18.000000,8,0,0,0,0,0,0
18.000000,9,0,0,0,0,0,0
18.000000,10,0,0,0,0,0,0
18.000000,11,0,0,0,0,0,0
18.000000,12,0,0,0,0,0,0
18.000000,13,0,0,0,0,0,0
18.000000,14,0,0,0,0,0,0
18.000000,15,0,0,0,0,0,0
18.000000,16,0,0,0,0,0,0
18.000000,17,0,0,0,0,0,0
18.000000,18,0,0,0,0,0,0
18.000000,19,0,0,0,0,0,0
18.000000,20,0,0,0,0,0,0
18.000000,21,0,0,0,0,0,0
18.000000,22,0,0,0,0,0,0
18.000000,23,0,0,0,0,0,0
18.000000,24,0,0,0,0,0,0
18.000000,25,0,0,0,0,0,0
18.000000,26,0,0,0,0,0,0
18.000000,27,0,0,0,0,0,0
18.000000,28,0,0,0,0,0,0
18.000000,29,0,0,0,0,0,0
18.000000,30,0,0,0,0,0,0
18.000000,31,0,0,0,0,0,0
18.000000,32,0,0,0,0,0,0
18.000000,33,0,0,0,0,0,0
18.000000,34,0,0,0,0,0,0
18.000000,35,0,0,0,0,0,0
18.000000,36,0,0,0,0,0,0
18.000000,37,0,0,0,0,0,0
18.000000,38,0,0,0,0,0,0
18.000000,39,0,0,0,0,0,0
18.000000,40,0,0,0,0,0,0
18.000000,41,0,0,0,0,0,0
18.000000,42,0,0,0,0,0,0
18.000000,43,0,0,0,0,0,0
18.000000,44,0,0,0,0,0,0
18.000000,45,0,0,0,0,0,0
18.000000,46,0,0,0,0,0,0
18.000000,47,0,0,0,0,0,0
18.000000,48,0,0,0,0,0,0
18.000000,49,0,0,0,0,0,0
18.000000,50,0,0,0,0,0,0
18.000000,51,0,0,0,0,0,0
18.000000,52,0,0,0,0,0,0
18.000000,53,0,0,0,0,0,0
18.000000,54,0,0,0,0,0,0
18.000000,55,0,0,0,0,0,0
18.000000,56,0,0,0,0,0,0
18.000000,57,0,0,0,0,0,0
18.000000,58,0,0,0,0,0,0
18.000000,59,0,0,0,0,0,0
18.000000,60,0,0,0,0,0,0
18.000000,61,0,0,0,0,0,0
18.000000,62,0,0,0,0,0,0
18.000000,63,0,0,0,0,0,0
18.000000,64,0,0,0,0,0,0
18.000000,65,0,0,0,0,0,0
18.000000,66,0,0,0,0,0,0
18.000000,67,0,0,0,0,0,1
18.000000,68,0,0,0,0,0,0
18.000000,69,0,0,0,0,0,0
18.000000,70,0,0,0,0,0,0
18.000000,71,0,0,0,0,0,0
18.000000,72,0,0,0,0,0,0
18.000000,73,0,0,0,0,0,0
18.000000,74,0,0,0,0,0,0
18.000000,75,0,0,0,0,0,0
18.000000,76,0,0,0,0,0,0
18.000000,77,0,0,0,0,0,0
18.000000,78,0,0,0,0,0,0
18.000000,79,0,0,0,0,0,0
19.000000,0,0,0,0,0,0,0
19.000000,1,0,0,0,0,0,0
19.000000,2,0,0,0,0,0,0
19.000000,3,0,0,0,0,0,0
19.000000,4,0,0,0,0,0,0
19.000000,5,0,0,0,0,0,0
19.000000,6,0,0,0,0,0,0
19.000000,7,0,0,0,0,0,0
19.000000,8,0,0,0,0,0,0
19.000000,9,0,0,0,0,0,0
19.000000,10,0,0,0,0,0,0
19.000000,11,0,0,0,0,0,0
19.000000,12,0,0,0,0,0,0
19.000000,13,0,0,0,0,0,0
19.000000,14,0,0,0,0,0,0
19.000000,15,0,0,0,0,0,0
19.000000,16,0,0,0,0,0,0
19.000000,17,0,0,0,0,0,0
19.000000,18,0,0,0,0,0,0
19.000000,19,0,0,0,0,0,0
19.000000,20,0,0,0,0,0,0
19.000000,21,0,0,0,0,0,0
19.000000,22,0,0,0,0,0,0
19.000000,23,0,0,0,0,0,0
19.000000,24,0,0,0,0,0,0
19.000000,25,0,0,0,0,0,0
19.000000,26,0,0,0,0,0,0
19.000000,27,0,0,0,0,0,0
19.000000,28,0,0,0,0,0,0
19.000000,29,0,0,0,0,0,0
19.000000,30,0,0,0,0,0,0
19.000000,31,0,0,0,0,0,0
19.000000,32,0,0,0,0,0,0
19.000000,33,0,0,0,0,0,0
19.000000,34,0,0,0,0,0,0
19.000000,35,0,0,0,0,0,0
19.000000,36,0,0,0,0,0,0
19.000000,37,0,0,0,0,0,0
19.000000,38,0,0,0,0,0,0
19.000000,39,0,0,0,0,0,0
19.000000,40,0,0,0,0,0,0
19.000000,41,0,0,0,0,0,0
19.000000,42,0,0,0,0,0,0
19.000000,43,0,0,0,0,0,0
19.000000,44,0,0,0,0,0,0
19.000000,45,0,0,0,0,0,0
19.000000,46,0,0,0,0,0,0
19.000000,47,0,0,0,0,0,0
19.000000,48,0,0,0,0,0,0
19.000000,49,0,0,0,0,0,0
19.000000,50,0,0,0,0,0,0
19.000000,51,0,0,0,0,0,0
19.000000,52,0,0,0,0,0,0
19.000000,53,0,0,0,0,0,0
19.000000,54,0,0,0,0,0,0
19.000000,55,0,0,0,0,0,0
19.000000,56,0,0,0,0,0,0
19.000000,57,0,0,0,0,0,0
19.000000,58,0,0,0,0,0,0
19.000000,59,0,0,0,0,0,0
19.000000,60,0,0,0,0,0,0
19.000000,61,0,0,0,0,0,0
19.000000,62,0,0,0,0,0,0
19.000000,63,0,0,0,0,0,0
19.000000,64,0,0,0,0,0,0
19.000000,65,0,0,0,0,0,0
19.000000,66,0,0,0,0,0,0
19.000000,67,0,0,0,0,0,1
19.000000,68,0,0,0,0,0,0
19.000000,69,0,0,0,0,0,0
19.000000,70,0,0,0,0,0,0
19.000000,71,0,0,0,0,0,0
19.000000,72,0,0,0,0,0,0
19.000000,73,0,0,0,0,0,0
19.000000,74,0,0,0,0,0,0
19.000000,75,0,0,0,0,0,0
19.000000,76,0,0,0,0,0,0
19.000000,77,0,0,0,0,0,0
19.000000,78,0,0,0,0,0,0
19.000000,79,0,0,0,0,0,0
20.000000,0,0,0,0,0,0,0
20.000000,1,0,0,0,0,0,0
20.000000,2,0,0,0,0,0,0
20.000000,3,0,0,0,0,0,0
20.000000,4,0,0,0,0,0,0
20.000000,5,0,0,0,0,0,0
20.000000,6,0,0,0,0,0,0
20.000000,7,0,0,0,0,0,0
20.000000,8,0,0,0,0,0,0
20.000000,9,0,0,0,0,0,0
20.000000,10,0,0,0,0,0,0
20.000000,11,0,0,0,0,0,0
20.000000,12,0,0,0,0,0,0
20.000000,13,0,0,0,0,0,0
20.000000,14,0,0,0,0,0,0
20.000000,15,0,0,0,0,0,0
20.000000,16,0,0,0,0,0,0
20.000000,17,0,0,0,0,0,0
20.000000,18,0,0,0,0,0,0
20.000000,19,0,0,0,0,0,0
20.000000,20,0,0,0,0,0,0
20.000000,21,0,0,0,0,0,0
20.000000,22,0,0,0,0,0,0
20.000000,23,0,0,0,0,0,0
20.000000,24,0,0,0,0,0,0
20.000000,25,0,0,0,0,0,0
20.000000,26,0,0,0,0,0,0
20.000000,27,0,0,0,0,0,0
20.000000,28,0,0,0,0,0,0
20.000000,29,0,0,0,0,0,0
20.000000,30,0,0,0,0,0,0
20.000000,31,0,0,0,0,0,0
20.000000,32,0,0,0,0,0,0
20.000000,33,0,0,0,0,0,0
20.000000,34,0,0,0,0,0,0
20.000000,35,0,0,0,0,0,0
20.000000,36,0,0,0,0,0,0
20.000000,37,0,0,0,0,0,0
20.000000,38,0,0,0,0,0,0
20.000000,39,0,0,0,0,0,0
20.000000,40,0,0,0,0,0,0
20.000000,41,0,0,0,0,0,0
20.000000,42,0,0,0,0,0,0
20.000000,43,0,0,0,0,0,0
20.000000,44,0,0,0,0,0,0
20.000000,45,0,0,0,0,0,0
20.000000,46,0,0,0,0,0,0
20.000000,47,0,0,0,0,0,0
20.000000,48,0,0,0,0,0,0
20.000000,49,0,0,0,0,0,0
20.000000,50,0,0,0,0,0,0
20.000000,51,0,0,0,0,0,0
20.000000,52,0,0,0,0,0,0
20.000000,53,0,0,0,0,0,0
20.000000,54,0,0,0,0,0,0
20.000000,55,0,0,0,0,0,0
20.000000,56,0,0,0,0,0,0
20.000000,57,0,0,0,0,0,0
20.000000,58,0,0,0,0,0,0
20.000000,59,0,0,0,0,0,0
20.000000,60,0,0,0,0,0,0
20.000000,61,0,0,0,0,0,0
20.000000,62,0,0,0,0,0,0
20.000000,63,0,0,0,0,0,0
20.000000,64,0,0,0,0,0,0
20.000000,65,0,0,0,0,0,0
20.000000,66,0,0,0,0,0,0
20.000000,67,0,0,0,0,0,1
20.000000,68,0,0,0,0,0,0
20.000000,69,0,0,0,0,0,0
20.000000,70,0,0,0,0,0,0
20.000000,71,0,0,0,0,0,0
20.000000,72,0,0,0,0,0,0
20.000000,73,0,0,0,0,0,0
20.000000,74,0,0,0,0,0,0
20.000000,75,0,0,0,0,0,0
20.000000,76,0,0,0,0,0,0
20.000000,77,0,0,0,0,0,0
20.000000,78,0,0,0,0,0,0
20.000000,79,0,0,0,0,0,0
21.000000,0,0,0,0,0,0,0
21.000000,1,0,0,0,0,0,0
21.000000,2,0,0,0,0,0,0
21.000000,3,0,0,0,0,0,0
21.000000,4,0,0,0,0,0,0
21.000000,5,0,0,0,0,0,0
21.000000,6,0,0,0,0,0,0
21.000000,7,0,0,0,0,0,0
21.000000,8,0,0,0,0,0,0
21.000000,9,0,0,0,0,0,0
21.000000,10,0,0,0,0,0,0
21.000000,11,0,0,0,0,0,0
21.000000,12,0,0,0,0,0,0
21.000000,13,0,0,0,0,0,0
21.000000,14,0,0,0,0,0,0
21.000000,15,0,0,0,0,0,0
21.000000,16,0,0,0,0,0,0
21.000000,17,0,0,0,0,0,0
21.000000,18,0,0,0,0,0,0
21.000000,19,0,0,0,0,0,0
21.000000,20,0,0,0,0,0,0
21.000000,21,0,0,0,0,0,0
21.000000,22,0,0,0,0,0,0
21.000000,23,0,0,0,0,0,0
21.000000,24,0,0,0,0,0,0
21.000000,25,0,0,0,0,0,0
21.000000,26,0,0,0,0,0,0
21.000000,27,0,0,0,0,0,0
21.000000,28,0,0,0,0,0,0
21.000000,29,0,0,0,0,0,0
21.000000,30,0,0,0,0,0,0
21.000000,31,0,0,0,0,0,0
21.000000,32,0,0,0,0,0,0
21.000000,33,0,0,0,0,0,0
21.000000,34,0,0,0,0,0,0
21.000000,35,0,0,0,0,0,0
21.000000,36,0,0,0,0,0,0
21.000000,37,0,0,0,0,0,0
21.000000,38,0,0,0,0,0,0
21.000000,39,0,0,0,0,0,0
21.000000,40,0,0,0,0,0,0
21.000000,41,0,0,0,0,0,0
21.000000,42,0,0,0,0,0,0
21.000000,43,0,0,0,0,0,0
21.000000,44,0,0,0,0,0,0
21.000000,45,0,0,0,0,0,0
21.000000,46,0,0,0,0,0,0
21.000000,47,0,0,0,0,0,0
21.000000,48,0,0,0,0,0,0
21.000000,49,0,0,0,0,0,0
21.000000,50,0,0,0,0,0,0
21.000000,51,0,0,0,0,0,0
21.000000,52,0,0,0,0,0,0
21.000000,53,0,0,0,0,0,0
21.000000,54,0,0,0,0,0,0
21.000000,55,0,0,0,0,0,0
21.000000,56,0,0,0,0,0,0
21.000000,57,0,0,0,0,0,0
21.000000,58,0,0,0,0,0,0
21.000000,59,0,0,0,0,0,0
21.000000,60,0,0,0,0,0,0
21.000000,61,0,0,0,0,0,0
21.000000,62,0,0,0,0,0,0
21.000000,63,0,0,0,0,0,0
21.000000,64,0,0,0,0,0,0
21.000000,65,0,0,0,0,0,0
21.000000,66,0,0,0,0,0,0
21.000000,67,0,0,0,0,0,1
21.000000,68,0,0,0,0,0,0
21.000000,69,0,0,0,0,0,0
21.000000,70,0,0,0,0,0,0
21.000000,71,0,0,0,0,0,0
21.000000,72,0,0,0,0,0,0
21.000000,73,0,0,0,0,0,0
21.000000,74,0,0,0,0,0,0
21.000000,75,0,0,0,0,0,0
21.000000,76,0,0,0,0,0,0
21.000000,77,0,0,0,0,0,0
21.000000,78,0,0,0,0,0,0
21.000000,79,0,0,0,0,0,0
22.000000,0,0,0,0,0,0,0
22.000000,1,0,0,0,0,0,0
22.000000,2,0,0,0,0,0,0
22.000000,3,0,0,0,0,0,0
22.000000,4,0,0,0,0,0,0
22.000000,5,0,0,0,0,0,0
22.000000,6,0,0,0,0,0,0
22.000000,7,0,0,0,0,0,0
22.000000,8,0,0,0,0,0,0
22.000000,9,0,0,0,0,0,0
22.000000,10,0,0,0,0,0,0
22.000000,11,0,0,0,0,0,0
22.000000,12,0,0,0,0,0,0
22.000000,13,0,0,0,0,0,0
22.000000,14,0,0,0,0,0,0
22.000000,15,0,0,0,0,0,0
22.000000,16,0,0,0,0,0,0
22.000000,17,0,0,0,0,0,0
22.000000,18,0,0,0,0,0,0
22.000000,19,0,0,0,0,0,0
22.000000,20,0,0,0,0,0,0
22.000000,21,0,0,0,0,0,0
22.000000,22,0,0,0,0,0,0
22.000000,23,0,0,0,0,0,0
22.000000,24,0,0,0,0,0,0
22.000000,25,0,0,0,0,0,0
22.000000,26,0,0,0,0,0,0
22.000000,27,0,0,0,0,0,0
22.000000,28,0,0,0,0,0,0
22.000000,29,0,0,0,0,0,0
22.000000,30,0,0,0,0,0,0
22.000000,31,0,0,0,0,0,0
22.000000,32,0,0,0,0,0,0
22.000000,33,0,0,0,0,0,0
22.000000,34,0,0,0,0,0,0
22.000000,35,0,0,0,0,0,0
22.000000,36,0,0,0,0,0,0
22.000000,37,0,0,0,0,0,0
22.000000,38,0,0,0,0,0,0
22.000000,39,0,0,0,0,0,0
22.000000,40,0,0,0,0,0,0
22.000000,41,0,0,0,0,0,0
22.000000,42,0,0,0,0,0,0
22.000000,43,0,0,0,0,0,0
22.000000,44,0,0,0,0,0,0
22.000000,45,0,0,0,0,0,0
22.000000,46,0,0,0,0,0,0
22.000000,47,0,0,0,0,0,0
22.000000,48,0,0,0,0,0,0
22.000000,49,0,0,0,0,0,0
22.000000,50,0,0,0,0,0,0
22.000000,51,0,0,0,0,0,0
22.000000,52,0,0,0,0,0,0
22.000000,53,0,0,0,0,0,0
22.000000,54,0,0,0,0,0,0
22.000000,55,0,0,0,0,0,0
22.000000,56,0,0,0,0,0,0
22.000000,57,0,0,0,0,0,0
22.000000,58,0,0,0,0,0,0
22.000000,59,0,0,0,0,0,0
22.000000,60,0,0,0,0,0,0
22.000000,61,0,0,0,0,0,0
22.000000,62,0,0,0,0,0,0
22.000000,63,0,0,0,0,0,0
22.000000,64,0,0,0,0,0,0
22.000000,65,0,0,0,0,0,0
22.000000,66,0,0,0,0,0,0
22.000000,67,0,0,0,0,0,1
22.000000,68,0,0,0,0,0,0
22.000000,69,0,0,0,0,0,0
22.000000,70,0,0,0,0,0,0
22.000000,71,0,0,0,0,0,0
22.000000,72,0,0,0,0,0,0
22.000000,73,0,0,0,0,0,0
22.000000,74,0,0,0,0,0,0
22.000000,75,0,0,0,0,0,0
22.000000,76,0,0,0,0,0,0
22.000000,77,0,0,0,0,0,0
22.000000,78,0,0,0,0,0,0
22.000000,79,0,0,0,0,0,0
23.000000,0,0,0,0,0,0,0
23.000000,1,0,0,0,0,0,0
23.000000,2,0,0,0,0,0,0
23.000000,3,0,0,0,0,0,0
23.000000,4,0,0,0,0,0,0
23.000000,5,0,0,0,0,0,0
23.000000,6,0,0,0,0,0,0
23.000000,7,0,0,0,0,0,0
23.000000,8,0,0,0,0,0,0
23.000000,9,0,0,0,0,0,0
23.000000,10,0,0,0,0,0,0
23.000000,11,0,0,0,0,0,0
23.000000,12,0,0,0,0,0,0
23.000000,13,0,0,0,0,0,0
23.000000,14,0,0,0,0,0,0
23.000000,15,0,0,0,0,0,0
23.000000,16,0,0,0,0,0,0
23.000000,17,0,0,0,0,0,0
23.000000,18,0,0,0,0,0,0
23.000000,19,0,0,0,0,0,0
23.000000,20,0,0,0,0,0,0
23.000000,21,0,0,0,0,0,0
23.000000,22,0,0,0,0,0,0
23.000000,23,0,0,0,0,0,0
23.000000,24,0,0,0,0,0,0
23.000000,25,0,0,0,0,0,0
23.000000,26,0,0,0,0,0,0
23.000000,27,0,0,0,0,0,0
23.000000,28,0,0,0,0,0,0
23.000000,29,0,0,0,0,0,0
23.000000,30,0,0,0,0,0,0
23.000000,31,0,0,0,0,0,0
23.000000,32,0,0,0,0,0,0
23.000000,33,0,0,0,0,0,0
23.000000,34,0,0,0,0,0,0
23.000000,35,0,0,0,0,0,0
23.000000,36,0,0,0,0,0,0
23.000000,37,0,0,0,0,0,0
23.000000,38,0,0,0,0,0,0
23.000000,39,0,0,0,0,0,0
23.000000,40,0,0,0,0,0,0
23.000000,41,0,0,0,0,0,0
23.000000,42,0,0,0,0,0,0
23.000000,43,0,0,0,0,0,0
23.000000,44,0,0,0,0,0,0
23.000000,45,0,0,0,0,0,0
23.000000,46,0,0,0,0,0,0
23.000000,47,0,0,0,0,0,0
23.000000,48,0,0,0,0,0,0
23.000000,49,0,0,0,0,0,0
23.000000,50,0,0,0,0,0,0
23.000000,51,0,0,0,0,0,0
23.000000,52,0,0,0,0,0,0
23.000000,53,0,0,0,0,0,0
23.000000,54,0,0,0,0,0,0
23.000000,55,0,0,0,0,0,0
23.000000,56,0,0,0,0,0,0
23.000000,57,0,0,0,0,0,0
23.000000,58,0,0,0,0,0,0
23.000000,59,0,0,0,0,0,0
23.000000,60,0,0,0,0,0,0
23.000000,61,0,0,0,0,0,0
23.000000,62,0,0,0,0,0,0
23.000000,63,0,0,0,0,0,0
23.000000,64,0,0,0,0,0,0
23.000000,65,0,0,0,0,0,0
23.000000,66,0,0,0,0,0,0
23.000000,67,0,0,0,0,0,1
23.000000,68,0,0,0,0,0,0
23.000000,69,0,0,0,0,0,0
23.000000,70,0,0,0,0,0,0
23.000000,71,0,0,0,0,0,0
23.000000,72,0,0,0,0,0,0
23.000000,73,0,0,0,0,0,0
23.000000,74,0,0,0,0,0,0
23.000000,75,0,0,0,0,0,0
23.000000,76,0,0,0,0,0,0
23.000000,77,0,0,0,0,0,0
23.000000,78,0,0,0,0,0,0
23.000000,79,0,0,0,0,0,0
24.000000,0,0,0,0,0,0,0
24.000000,1,0,0,0,0,0,0
24.000000,2,0,0,0,0,0,0
24.000000,3,0,0,0,0,0,0
24.000000,4,0,0,0,0,0,0
24.000000,5,0,0,0,0,0,0
24.000000,6,0,0,0,0,0,0
24.000000,7,0,0,0,0,0,0
24.000000,8,0,0,0,0,0,0
24.000000,9,0,0,0,0,0,0
24.000000,10,0,0,0,0,0,0
24.000000,11,0,0,0,0,0,0
24.000000,12,0,0,0,0,0,0
24.000000,13,0,0,0,0,0,0
24.000000,14,0,0,0,0,0,0
24.000000,15,0,0,0,0,0,0
24.000000,16,0,0,0,0,0,0
24.000000,17,0,0,0,0,0,0
24.000000,18,0,0,0,0,0,0
24.000000,19,0,0,0,0,0,0
24.000000,20,0,0,0,0,0,0
24.000000,21,0,0,0,0,0,0
24.000000,22,0,0,0,0,0,0
24.000000,23,0,0,0,0,0,0
24.000000,24,0,0,0,0,0,0
24.000000,25,0,0,0,0,0,0
24.000000,26,0,0,0,0,0,0
24.000000,27,0,0,0,0,0,0
24.000000,28,0,0,0,0,0,0
24.000000,29,0,0,0,0,0,0
24.000000,30,0,0,0,0,0,0
24.000000,31,0,0,0,0,0,0
24.000000,32,0,0,0,0,0,0
24.000000,33,0,0,0,0,0,0
24.000000,34,0,0,0,0,0,0
24.000000,35,0,0,0,0,0,0
24.000000,36,0,0,0,0,0,0
24.000000,37,0,0,0,0,0,0
24.000000,38,0,0,0,0,0,0
24.000000,39,0,0,0,0,0,0
24.000000,40,0,0,0,0,0,0
24.000000,41,0,0,0,0,0,0
24.000000,42,0,0,0,0,0,0
24.000000,43,0,0,0,0,0,0
24.000000,44,0,0,0,0,0,0
24.000000,45,0,0,0,0,0,0
24.000000,46,0,0,0,0,0,0
24.000000,47,0,0,0,0,0,0
24.000000,48,0,0,0,0,0,0
24.000000,49,0,0,0,0,0,0
24.000000,50,0,0,0,0,0,0
24.000000,51,0,0,0,0,0,0
24.000000,52,0,0,0,0,0,0
24.000000,53,0,0,0,0,0,0
24.000000,54,0,0,0,0,0,0
24.000000,55,0,0,0,0,0,0
24.000000,56,0,0,0,0,0,0
24.000000,57,0,0,0,0,0,0
24.000000,58,0,0,0,0,0,0
24.000000,59,0,0,0,0,0,0
24.000000,60,0,0,0,0,0,0
24.000000,61,0,0,0,0,0,0
24.000000,62,0,0,0,0,0,0
24.000000,63,0,0,0,0,0,0
24.000000,64,0,0,0,0,0,0
24.000000,65,0,0,0,0,0,0
24.000000,66,0,0,0,0,0,0
24.000000,67,0,0,0,0,0,1
24.000000,68,0,0,0,0,0,0
24.000000,69,0,0,0,0,0,0
24.000000,70,0,0,0,0,0,0
24.000000,71,0,0,0,0,0,0
24.000000,72,0,0,0,0,0,0
24.000000,73,0,0,0,0,0,0
24.000000,74,0,0,0,0,0,0
24.000000,75,0,0,0,0,0,0
24.000000,76,0,0,0,0,0,0
24.000000,77,0,0,0,0,0,0
24.000000,78,0,0,0,0,0,0
24.000000,79,0,0,0,0,0,0
25.000000,0,0,0,0,0,0,0
25.000000,1,0,0,0,0,0,0
25.000000,2,0,0,0,0,0,0
25.000000,3,0,0,0,0,0,0
25.000000,4,0,0,0,0,0,0
25.000000,5,0,0,0,0,0,0
25.000000,6,0,0,0,0,0,0
25.000000,7,0,0,0,0,0,0
25.000000,8,0,0,0,0,0,0
25.000000,9,0,0,0,0,0,0
25.000000,10,0,0,0,0,0,0
25.000000,11,0,0,0,0,0,0
25.000000,12,0,0,0,0,0,0
25.000000,13,0,0,0,0,0,0
25.000000,14,0,0,0,0,0,0
25.000000,15,0,0,0,0,0,0
25.000000,16,0,0,0,0,0,0
25.000000,17,0,0,0,0,0,0
25.000000,18,0,0,0,0,0,0
25.000000,19,0,0,0,0,0,0
25.000000,20,0,0,0,0,0,0
25.000000,21,0,0,0,0,0,0
25.000000,22,0,0,0,0,0,0
25.000000,23,0,0,0,0,0,0
25.000000,24,0,0,0,0,0,0
25.000000,25,0,0,0,0,0,0
25.000000,26,0,0,0,0,0,0
25.000000,27,0,0,0,0,0,0
25.000000,28,0,0,0,0,0,0
25.000000,29,0,0,0,0,0,0
25.000000,30,0,0,0,0,0,0
25.000000,31,0,0,0,0,0,0
25.000000,32,0,0,0,0,0,0
25.000000,33,0,0,0,0,0,0
25.000000,34,0,0,0,0,0,0
25.000000,35,0,0,0,0,0,0
25.000000,36,0,0,0,0,0,0
25.000000,37,0,0,0,0,0,0
25.000000,38,0,0,0,0,0,0
25.000000,39,0,0,0,0,0,0
25.000000,40,0,0,0,0,0,0
25.000000,41,0,0,0,0,0,0
25.000000,42,0,0,0,0,0,0
25.000000,43,0,0,0,0,0,0
25.000000,44,0,0,0,0,0,0
25.000000,45,0,0,0,0,0,0
25.000000,46,0,0,0,0,0,0
25.000000,47,0,0,0,0,0,0
25.000000,48,0,0,0,0,0,0
25.000000,49,0,0,0,0,0,0
25.000000,50,0,0,0,0,0,0
25.000000,51,0,0,0,0,0,0
25.000000,52,0,0,0,0,0,0
25.000000,53,0,0,0,0,0,0
25.000000,54,0,0,0,0,0,0
25.000000,55,0,0,0,0,0,0
25.000000,56,0,0,0,0,0,0
25.000000,57,0,0,0,0,0,0
25.000000,58,0,0,0,0,0,0
25.000000,59,0,0,0,0,0,0
25.000000,60,0,0,0,0,0,0
25.000000,61,0,0,0,0,0,0
25.000000,62,0,0,0,0,0,0
25.000000,63,0,0,0,0,0,0
25.000000,64,0,0,0,0,0,0
25.000000,65,0,0,0,0,0,0
25.000000,66,0,0,0,0,0,0
25.000000,67,0,0,0,0,0,1
25.000000,68,0,0,0,0,0,0
25.000000,69,0,0,0,0,0,0
25.000000,70,0,0,0,0,0,0
25.000000,71,0,0,0,0,0,0
25.000000,72,0,0,0,0,0,0
25.000000,73,0,0,0,0,0,0
25.000000,74,0,0,0,0,0,0
25.000000,75,0,0,0,0,0,0
25.000000,76,0,0,0,0,0,0
25.000000,77,0,0,0,0,0,0
25.000000,78,0,0,0,0,0,0
25.000000,79,0,0,0,0,0,0
26.000000,0,0,0,0,0,0,0
26.000000,1,0,0,0,0,0,0
26.000000,2,0,0,0,0,0,0
26.000000,3,0,0,0,0,0,0
26.000000,4,0,0,0,0,0,0
26.000000,5,0,0,0,0,0,0
26.000000,6,0,0,0,0,0,0
26.000000,7,0,0,0,0,0,0
26.000000,8,0,0,0,0,0,0
26.000000,9,0,0,0,0,0,0
26.000000,10,0,0,0,0,0,0
26.000000,11,0,0,0,0,0,0
26.000000,12,0,0,0,0,0,0
26.000000,13,0,0,0,0,0,0
26.000000,14,0,0,0,0,0,0
26.000000,15,0,0,0,0,0,0
26.000000,16,0,0,0,0,0,0
26.000000,17,0,0,0,0,0,0
26.000000,18,0,0,0,0,0,0
26.000000,19,0,0,0,0,0,0
26.000000,20,0,0,0,0,0,0
26.000000,21,0,0,0,0,0,0
26.000000,22,0,0,0,0,0,0
26.000000,23,0,0,0,0,0,0
26.000000,24,0,0,0,0,0,0
26.000000,25,0,0,0,0,0,0
26.000000,26,0,0,0,0,0,0
26.000000,27,0,0,0,0,0,0
26.000000,28,0,0,0,0,0,0
26.000000,29,0,0,0,0,0,0
26.000000,30,0,0,0,0,0,0
26.000000,31,0,0,0,0,0,0
26.000000,32,0,0,0,0,0,0
26.000000,33,0,0,0,0,0,0
26.000000,34,0,0,0,0,0,0
26.000000,35,0,0,0,0,0,0
26.000000,36,0,0,0,0,0,0
26.000000,37,0,0,0,0,0,0
26.000000,38,0,0,0,0,0,0
26.000000,39,0,0,0,0,0,0
26.000000,40,0,0,0,0,0,0
26.000000,41,0,0,0,0,0,0
26.000000,42,0,0,0,0,0,0
26.000000,43,0,0,0,0,0,0
26.000000,44,0,0,0,0,0,0
26.000000,45,0,0,0,0,0,0
26.000000,46,0,0,0,0,0,0
26.000000,47,0,0,0,0,0,0
26.000000,48,0,0,0,0,0,0
26.000000,49,0,0,0,0,0,0
26.000000,50,0,0,0,0,0,0
26.000000,51,0,0,0,0,0,0
26.000000,52,0,0,0,0,0,0
26.000000,53,0,0,0,0,0,0
26.000000,54,0,0,0,0,0,0
26.000000,55,0,0,0,0,0,0
26.000000,56,0,0,0,0,0,0
26.000000,57,0,0,0,0,0,0
26.000000,58,0,0,0,0,0,0
26.000000,59,0,0,0,0,0,0
26.000000,60,0,0,0,0,0,0
26.000000,61,0,0,0,0,0,0
26.000000,62,0,0,0,0,0,0
26.000000,63,0,0,0,0,0,0
26.000000,64,0,0,0,0,0,0
26.000000,65,0,0,0,0,0,0
26.000000,66,0,0,0,0,0,0
26.000000,67,0,0,0,0,0,1
26.000000,68,0,0,0,0,0,0
26.000000,69,0,0,0,0,0,0
26.000000,70,0,0,0,0,0,0
26.000000,71,0,0,0,0,0,0
26.000000,72,0,0,0,0,0,0
26.000000,73,0,0,0,0,0,0
26.000000,74,0,0,0,0,0,0
26.000000,75,0,0,0,0,0,0
26.000000,76,0,0,0,0,0,0
26.000000,77,0,0,0,0,0,0
26.000000,78,0,0,0,0,0,0
26.000000,79,0,0,0,0,0,0
27.000000,0,0,0,0,0,0,0
27.000000,1,0,0,0,0,0,0
27.000000,2,0,0,0,0,0,0
27.000000,3,0,0,0,0,0,0
27.000000,4,0,0,0,0,0,0
27.000000,5,0,0,0,0,0,0
27.000000,6,0,0,0,0,0,0
27.000000,7,0,0,0,0,0,0
27.000000,8,0,0,0,0,0,0
27.000000,9,0,0,0,0,0,0
27.000000,10,0,0,0,0,0,0
27.000000,11,0,0,0,0,0,0
27.000000,12,0,0,0,0,0,0
27.000000,13,0,0,0,0,0,0
27.000000,14,0,0,0,0,0,0
27.000000,15,0,0,0,0,0,0
27.000000,16,0,0,0,0,0,0
27.000000,17,0,0,0,0,0,0
27.000000,18,0,0,0,0,0,0
27.000000,19,0,0,0,0,0,0
27.000000,20,0,0,0,0,0,0
27.000000,21,0,0,0,0,0,0
27.000000,22,0,0,0,0,0,0
27.000000,23,0,0,0,0,0,0
27.000000,24,0,0,0,0,0,0
27.000000,25,0,0,0,0,0,0
27.000000,26,0,0,0,0,0,0
27.000000,27,0,0,0,0,0,0
27.000000,28,0,0,0,0,0,0
27.000000,29,0,0,0,0,0,0
27.000000,30,0,0,0,0,0,0
27.000000,31,0,0,0,0,0,0
27.000000,32,0,0,0,0,0,0
27.000000,33,0,0,0,0,0,0
27.000000,34,0,0,0,0,0,0
27.000000,35,0,0,0,0,0,0
27.000000,36,0,0,0,0,0,0
27.000000,37,0,0,0,0,0,0
27.000000,38,0,0,0,0,0,0
27.000000,39,0,0,0,0,0,0
27.000000,40,0,0,0,0,0,0
27.000000,41,0,0,0,0,0,0
27.000000,42,0,0,0,0,0,0
27.000000,43,0,0,0,0,0,0
27.000000,44,0,0,0,0,0,0
27.000000,45,0,0,0,0,0,0
27.000000,46,0,0,0,0,0,0
27.000000,47,0,0,0,0,0,0
27.000000,48,0,0,0,0,0,0
27.000000,49,0,0,0,0,0,0
27.000000,50,0,0,0,0,0,0
27.000000,51,0,0,0,0,0,0
27.000000,52,0,0,0,0,0,0
27.000000,53,0,0,0,0,0,0
27.000000,54,0,0,0,0,0,0
27.000000,55,0,0,0,0,0,0
27.000000,56,0,0,0,0,0,0
27.000000,57,0,0,0,0,0,0
27.000000,58,0,0,0,0,0,0
27.000000,59,0,0,0,0,0,0
27.000000,60,0,0,0,0,0,0
27.000000,61,0,0,0,0,0,0
27.000000,62,0,0,0,0,0,0
27.000000,63,0,0,0,0,0,0
27.000000,64,0,0,0,0,0,0
27.000000,65,0,0,0,0,0,0
27.000000,66,0,0,0,0,0,0
27.000000,67,0,0,0,0,0,1
27.000000,68,0,0,0,0,0,0
27.000000,69,0,0,0,0,0,0
27.000000,70,0,0,0,0,0,0
27.000000,71,0,0,0,0,0,0
27.000000,72,0,0,0,0,0,0
27.000000,73,0,0,0,0,0,0
27.000000,74,0,0,0,0,0,0
27.000000,75,0,0,0,0,0,0
27.000000,76,0,0,0,0,0,0
27.000000,77,0,0,0,0,0,0
27.000000,78,0,0,0,0,0,0
27.000000,79,0,0,0,0,0,0
28.000000,0,0,0,0,0,0,0
28.000000,1,0,0,0,0,0,0
28.000000,2,0,0,0,0,0,0
28.000000,3,0,0,0,0,0,0
28.000000,4,0,0,0,0,0,0
28.000000,5,0,0,0,0,0,0
28.000000,6,0,0,0,0,0,0
28.000000,7,0,0,0,0,0,0
28.000000,8,0,0,0,0,0,0
28.000000,9,0,0,0,0,0,0
28.000000,10,0,0,0,0,0,0
28.000000,11,0,0,0,0,0,0
28.000000,12,0,0,0,0,0,0
28.000000,13,0,0,0,0,0,0
28.000000,14,0,0,0,0,0,0
28.000000,15,0,0,0,0,0,0
28.000000,16,0,0,0,0,0,0
28.000000,17,0,0,0,0,0,0
28.000000,18,0,0,0,0,0,0
28.000000,19,0,0,0,0,0,0
28.000000,20,0,0,0,0,0,0
28.000000,21,0,0,0,0,0,0
28.000000,22,0,0,0,0,0,0
28.000000,23,0,0,0,0,0,0
28.000000,24,0,0,0,0,0,0
28.000000,25,0,0,0,0,0,0
28.000000,26,0,0,0,0,0,0
28.000000,27,0,0,0,0,0,0
28.000000,28,0,0,0,0,0,0
28.000000,29,0,0,0,0,0,0
28.000000,30,0,0,0,0,0,0
28.000000,31,0,0,0,0,0,0
28.000000,32,0,0,0,0,0,0
28.000000,33,0,0,0,0,0,0
28.000000,34,0,0,0,0,0,0
28.000000,35,0,0,0,0,0,0
28.000000,36,0,0,0,0,0,0
28.000000,37,0,0,0,0,0,0
28.000000,38,0,0,0,0,0,0
28.000000,39,0,0,0,0,0,0
28.000000,40,0,0,0,0,0,0
28.000000,41,0,0,0,0,0,0
28.000000,42,0,0,0,0,0,0
28.000000,43,0,0,0,0,0,0
28.000000,44,0,0,0,0,0,0
28.000000,45,0,0,0,0,0,0
28.000000,46,0,0,0,0,0,0
28.000000,47,0,0,0,0,0,0
28.000000,48,0,0,0,0,0,0
28.000000,49,0,0,0,0,0,0
28.000000,50,0,0,0,0,0,0
28.000000,51,0,0,0,0,0,0
28.000000,52,0,0,0,0,0,0
28.000000,53,0,0,0,0,0,0
28.000000,54,0,0,0,0,0,0
28.000000,55,0,0,0,0,0,0
28.000000,56,0,0,0,0,0,0
28.000000,57,0,0,0,0,0,0
28.000000,58,0,0,0,0,0,0
28.000000,59,0,0,0,0,0,0
28.000000,60,0,0,0,0,0,0
28.000000,61,0,0,0,0,0,0
28.000000,62,0,0,0,0,0,0
28.000000,63,0,0,0,0,0,0
28.000000,64,0,0,0,0,0,0
28.000000,65,0,0,0,0,0,0
28.000000,66,0,0,0,0,0,0
28.000000,67,0,0,0,0,0,1
28.000000,68,0,0,0,0,0,0
28.000000,69,0,0,0,0,0,0
28.000000,70,0,0,0,0,0,0
28.000000,71,0,0,0,0,0,0
28.000000,72,0,0,0,0,0,0
28.000000,73,0,0,0,0,0,0
28.000000,74,0,0,0,0,0,0
28.000000,75,0,0,0,0,0,0
28.000000,76,0,0,0,0,0,0
28.000000,77,0,0,0,0,0,0
28.000000,78,0,0,0,0,0,0
28.000000,79,0,0,0,0,0,0
29.000000,0,0,0,0,0,0,0
29.000000,1,0,0,0,0,0,0
29.000000,2,0,0,0,0,0,0
29.000000,3,0,0,0,0,0,0
29.000000,4,0,0,0,0,0,0
29.000000,5,0,0,0,0,0,0
29.000000,6,0,0,0,0,0,0
29.000000,7,0,0,0,0,0,0
29.000000,8,0,0,0,0,0,0
29.000000,9,0,0,0,0,0,0
29.000000,10,0,0,0,0,0,0
29.000000,11,0,0,0,0,0,0
29.000000,12,0,0,0,0,0,0
29.000000,13,0,0,0,0,0,0
29.000000,14,0,0,0,0,0,0
29.000000,15,0,0,0,0,0,0
29.000000,16,0,0,0,0,0,0
29.000000,17,0,0,0,0,0,0
29.000000,18,0,0,0,0,0,0
29.000000,19,0,0,0,0,0,0
29.000000,20,0,0,0,0,0,0
29.000000,21,0,0,0,0,0,0
29.000000,22,0,0,0,0,0,0
29.000000,23,0,0,0,0,0,0
29.000000,24,0,0,0,0,0,0
29.000000,25,0,0,0,0,0,0
29.000000,26,0,0,0,0,0,0
29.000000,27,0,0,0,0,0,0
29.000000,28,0,0,0,0,0,0
29.000000,29,0,0,0,0,0,0
29.000000,30,0,0,0,0,0,0
29.000000,31,0,0,0,0,0,0
29.000000,32,0,0,0,0,0,0
29.000000,33,0,0,0,0,0,0
29.000000,34,0,0,0,0,0,0
29.000000,35,0,0,0,0,0,0
29.000000,36,0,0,0,0,0,0
29.000000,37,0,0,0,0,0,0
29.000000,38,0,0,0,0,0,0
29.000000,39,0,0,0,0,0,0
29.000000,40,0,0,0,0,0,0
29.000000,41,0,0,0,0,0,0
29.000000,42,0,0,0,0,0,0
29.000000,43,0,0,0,0,0,0
29.000000,44,0,0,0,0,0,0
29.000000,45,0,0,0,0,0,0
29.000000,46,0,0,0,0,0,0
29.000000,47,0,0,0,0,0,0
29.000000,48,0,0,0,0,0,0
29.000000,49,0,0,0,0,0,0
29.000000,50,0,0,0,0,0,0
29.000000,51,0,0,0,0,0,0
29.000000,52,0,0,0,0,0,0
29.000000,53,0,0,0,0,0,0
29.000000,54,0,0,0,0,0,0
29.000000,55,0,0,0,0,0,0
29.000000,56,0,0,0,0,0,0
29.000000,57,0,0,0,0,0,0
29.000000,58,0,0,0,0,0,0
29.000000,59,0,0,0,0,0,0
29.000000,60,0,0,0,0,0,0
29.000000,61,0,0,0,0,0,0
29.000000,62,0,0,0,0,0,0
29.000000,63,0,0,0,0,0,0
29.000000,64,0,0,0,0,0,0
29.000000,65,0,0,0,0,0,0
29.000000,66,0,0,0,0,0,0
29.000000,67,0,0,0,0,0,1
29.000000,68,0,0,0,0,0,0
29.000000,69,0,0,0,0,0,0
29.000000,70,0,0,0,0,0,0
29.000000,71,0,0,0,0,0,0
29.000000,72,0,0,0,0,0,0
29.000000,73,0,0,0,0,0,0
29.000000,74,0,0,0,0,0,0
29.000000,75,0,0,0,0,0,0
29.000000,76,0,0,0,0,0,0
29.000000,77,0,0,0,0,0,0
29.000000,78,0,0,0,0,0,0
29.000000,79,0,0,0,0,0,0
30.000000,0,0,0,0,0,0,0
30.000000,1,0,0,0,0,0,0
30.000000,2,0,0,0,0,0,0
30.000000,3,0,0,0,0,0,0
30.000000,4,0,0,0,0,0,0
30.000000,5,0,0,0,0,0,0
30.000000,6,0,0,0,0,0,0
30.000000,7,0,0,0,0,0,0
30.000000,8,0,0,0,0,0,0
30.000000,9,0,0,0,0,0,0
30.000000,10,0,0,0,0,0,0
30.000000,11,0,0,0,0,0,0
30.000000,12,0,0,0,0,0,0
30.000000,13,0,0,0,0,0,0
30.000000,14,0,0,0,0,0,0
30.000000,15,0,0,0,0,0,0
30.000000,16,0,0,0,0,0,0
30.000000,17,0,0,0,0,0,0
30.000000,18,0,0,0,0,0,0
30.000000,19,0,0,0,0,0,0
30.000000,20,0,0,0,0,0,0
30.000000,21,0,0,0,0,0,0
30.000000,22,0,0,0,0,0,0
30.000000,23,0,0,0,0,0,0
30.000000,24,0,0,0,0,0,0
30.000000,25,0,0,0,0,0,0
30.000000,26,0,0,0,0,0,0
30.000000,27,0,0,0,0,0,0
30.000000,28,0,0,0,0,0,0
30.000000,29,0,0,0,0,0,0
30.000000,30,0,0,0,0,0,0
30.000000,31,0,0,0,0,0,0
30.000000,32,0,0,0,0,0,0
30.000000,33,0,0,0,0,0,0
30.000000,34,0,0,0,0,0,0
30.000000,35,0,0,0,0,0,0
30.000000,36,0,0,0,0,0,0
30.000000,37,0,0,0,0,0,0
30.000000,38,0,0,0,0,0,0
30.000000,39,0,0,0,0,0,0
30.000000,40,0,0,0,0,0,0
30.000000,41,0,0,0,0,0,0
30.000000,42,0,0,0,0,0,0
30.000000,43,0,0,0,0,0,0
30.000000,44,0,0,0,0,0,0
30.000000,45,0,0,0,0,0,0
30.000000,46,0,0,0,0,0,0
30.000000,47,0,0,0,0,0,0
30.000000,48,0,0,0,0,0,0
30.000000,49,0,0,0,0,0,0
30.000000,50,0,0,0,0,0,0
30.000000,51,0,0,0,0,0,0
30.000000,52,0,0,0,0,0,0
30.000000,53,0,0,0,0,0,0
30.000000,54,0,0,0,0,0,0
30.000000,55,0,0,0,0,0,0
30.000000,56,0,0,0,0,0,0
30.000000,57,0,0,0,0,0,0
30.000000,58,0,0,0,0,0,0
30.000000,59,0,0,0,0,0,0
30.000000,60,0,0,0,0,0,0
30.000000,61,0,0,0,0,0,0
30.000000,62,0,0,0,0,0,0
30.000000,63,0,0,0,0,0,0
30.000000,64,0,0,0,0,0,0
30.000000,65,0,0,0,0,0,0
30.000000,66,0,0,0,0,0,0
30.000000,67,0,0,0,0,0,1
30.000000,68,0,0,0,0,0,0
30.000000,69,0,0,0,0,0,0
30.000000,70,0,0,0,0,0,0
30.000000,71,0,0,0,0,0,0
30.000000,72,0,0,0,0,0,0
30.000000,73,0,0,0,0,0,0
30.000000,74,0,0,0,0,0,0
30.000000,75,0,0,0,0,0,0
30.000000,76,0,0,0,0,0,0
30.000000,77,0,0,0,0,0,0
30.000000,78,0,0,0,0,0,0
30.000000,79,0,0,0,0,0,0
